setting,machine,alg,C,eps,seed,r,f,S,applied,frac_clipped,noise_norm,loss,med_norm
FedAvg C1 e64 (Mac),Mac princ.,FedAvg,1.0,64.0,42,1,0.11819504686690792,0.11819504686690792,1.0,1.0,1.2472911714839692,0.1418994213627177,8.468943735105086
FedAvg C1 e64 (Mac),Mac princ.,FedAvg,1.0,64.0,42,2,0.11527007939111548,0.2334651262580234,1.0,1.0,1.2472911714839692,0.1117375365538767,8.829293056538997
FedAvg C1 e64 (Mac),Mac princ.,FedAvg,1.0,64.0,42,3,0.12207328162026651,0.35553840787828994,1.0,1.0,1.2472911714839692,0.10350278147943623,7.898100640249116
FedAvg C1 e64 (Mac),Mac princ.,FedAvg,1.0,64.0,42,4,0.13692392741711001,0.49246233529539996,1.0,1.0,1.2472911714839692,0.0939390052041275,7.1938394112036
FedAvg C1 e64 (Mac),Mac princ.,FedAvg,1.0,64.0,42,5,0.13907358503167702,0.631535920327077,1.0,1.0,1.2472911714839692,0.05808032964301312,7.209980077514347
FedAvg C1 e64 (Mac),Mac princ.,FedAvg,1.0,64.0,42,6,0.14345761079843067,0.7749935311255076,1.0,1.0,1.2472911714839692,0.04761984871159746,6.92619551581206
FedAvg C1 e64 (Mac),Mac princ.,FedAvg,1.0,64.0,42,7,0.1184332838482563,0.8934268149737639,1.0,1.0,1.2472911714839692,0.04779082781809093,7.2159516797210115
FedAvg C1 e64 (Mac),Mac princ.,FedAvg,1.0,64.0,42,8,0.13432465214758732,1.0277514671213512,1.0,1.0,1.2472911714839692,0.03041733731447652,6.361244540432988
FedAvg C1 e64 (Mac),Mac princ.,FedAvg,1.0,64.0,42,9,0.15888775531403257,1.186639222435384,1.0,1.0,1.2472911714839692,0.027608119356710852,6.269650232862025
FedAvg C1 e64 (Mac),Mac princ.,FedAvg,1.0,64.0,42,10,0.16838628116918236,1.3550255036045662,1.0,1.0,1.2472911714839692,0.012983712638087012,5.872975567234358
FedAvg C1 e64 (Mac),Mac princ.,FedAvg,1.0,64.0,123,1,0.133729828501394,0.133729828501394,1.0,1.0,1.2470236244754866,0.15203165155698994,7.575401934922752
FedAvg C1 e64 (Mac),Mac princ.,FedAvg,1.0,64.0,123,2,0.12697537295017197,0.26070520145156595,1.0,1.0,1.2470236244754866,0.130897730339034,7.208677072555248
FedAvg C1 e64 (Mac),Mac princ.,FedAvg,1.0,64.0,123,3,0.13459936731685168,0.39530456876841763,1.0,1.0,1.2470236244754866,0.10529779342839982,7.283430789295519
FedAvg C1 e64 (Mac),Mac princ.,FedAvg,1.0,64.0,123,4,0.13636755109325865,0.5316721198616763,1.0,1.0,1.2470236244754866,0.08972937239940258,6.711823022473467
FedAvg C1 e64 (Mac),Mac princ.,FedAvg,1.0,64.0,123,5,0.15027571215388844,0.6819478320155647,1.0,1.0,1.2470236244754866,0.07028701444129457,6.623335460515575
FedAvg C1 e64 (Mac),Mac princ.,FedAvg,1.0,64.0,123,6,0.1575216225136468,0.8394694545292115,1.0,1.0,1.2470236244754866,0.05389358186635754,6.056486453304191
FedAvg C1 e64 (Mac),Mac princ.,FedAvg,1.0,64.0,123,7,0.16271700220904348,1.002186456738255,1.0,1.0,1.2470236244754866,0.032922442899195374,5.985781374707938
FedAvg C1 e64 (Mac),Mac princ.,FedAvg,1.0,64.0,123,8,0.17139661435789993,1.173583071096155,1.0,1.0,1.2470236244754866,0.029856687283406645,5.673587826168569
FedAvg C1 e64 (Mac),Mac princ.,FedAvg,1.0,64.0,123,9,0.17729060765268767,1.3508736787488427,1.0,1.0,1.2470236244754866,0.02316589916330776,5.255129852961992
FedAvg C1 e64 (Mac),Mac princ.,FedAvg,1.0,64.0,123,10,0.18240546814533498,1.5332791468941775,1.0,1.0,1.2470236244754866,0.012212280234577799,5.202719331739604
FedAvg C1 e64 (Mac),Mac princ.,FedAvg,1.0,64.0,456,1,0.1221929565941284,0.1221929565941284,1.0,1.0,1.2478444532044894,0.15595009538307278,8.257648751035644
FedAvg C1 e64 (Mac),Mac princ.,FedAvg,1.0,64.0,456,2,0.1302760335923174,0.2524689901864458,1.0,1.0,1.2478444532044894,0.12477596484938233,7.49797593147399
FedAvg C1 e64 (Mac),Mac princ.,FedAvg,1.0,64.0,456,3,0.13191195774759,0.38438094793403577,1.0,1.0,1.2478444532044894,0.10456710834261905,7.139157808131569
FedAvg C1 e64 (Mac),Mac princ.,FedAvg,1.0,64.0,456,4,0.14072191070870949,0.5251028586427453,1.0,1.0,1.2478444532044894,0.08488791124152698,7.002804859831329
FedAvg C1 e64 (Mac),Mac princ.,FedAvg,1.0,64.0,456,5,0.14720133580011113,0.6723041944428565,1.0,1.0,1.2478444532044894,0.05046016353948255,6.562237255003842
FedAvg C1 e64 (Mac),Mac princ.,FedAvg,1.0,64.0,456,6,0.15478630840915006,0.8270905028520066,1.0,1.0,1.2478444532044894,0.05415846165428754,6.026388680766501
FedAvg C1 e64 (Mac),Mac princ.,FedAvg,1.0,64.0,456,7,0.17325911972079366,1.0003496225728004,1.0,1.0,1.2478444532044894,0.03192157617194367,5.671356188722595
FedAvg C1 e64 (Mac),Mac princ.,FedAvg,1.0,64.0,456,8,0.18201913407809564,1.182368756650896,1.0,1.0,1.2478444532044894,0.019461669107654914,5.480191161735231
FedAvg C1 e64 (Mac),Mac princ.,FedAvg,1.0,64.0,456,9,0.1855272737506811,1.367896030401577,1.0,1.0,1.2478444532044894,0.013490952845513602,5.472623105958404
FedAvg C1 e64 (Mac),Mac princ.,FedAvg,1.0,64.0,456,10,0.18926438713594784,1.5571604175375249,1.0,1.0,1.2478444532044894,0.006342012045054254,5.395378681230888
FedAvg C1 e64 (Mac),Mac princ.,FedAvg,1.0,64.0,789,1,0.11959692135990199,0.11959692135990199,1.0,1.0,1.2475204565497708,0.15667343554922122,8.091985642456534
FedAvg C1 e64 (Mac),Mac princ.,FedAvg,1.0,64.0,789,2,0.1125876959919885,0.2321846173518905,1.0,1.0,1.2475204565497708,0.14274633038050005,8.416964307173956
FedAvg C1 e64 (Mac),Mac princ.,FedAvg,1.0,64.0,789,3,0.1239615639789806,0.3561461813308711,1.0,1.0,1.2475204565497708,0.12657661061087067,8.1085238135133
FedAvg C1 e64 (Mac),Mac princ.,FedAvg,1.0,64.0,789,4,0.13301770997075418,0.4891638913016253,1.0,1.0,1.2475204565497708,0.10659392274073563,7.510743019270158
FedAvg C1 e64 (Mac),Mac princ.,FedAvg,1.0,64.0,789,5,0.1316541027674503,0.6208179940690756,1.0,1.0,1.2475204565497708,0.09144233351230358,7.742463884462944
FedAvg C1 e64 (Mac),Mac princ.,FedAvg,1.0,64.0,789,6,0.13852956174851158,0.7593475558175872,1.0,1.0,1.2475204565497708,0.07441277193360772,7.374658428148413
FedAvg C1 e64 (Mac),Mac princ.,FedAvg,1.0,64.0,789,7,0.14033930259586067,0.8996868584134479,1.0,1.0,1.2475204565497708,0.04170376898639615,7.006381918952644
FedAvg C1 e64 (Mac),Mac princ.,FedAvg,1.0,64.0,789,8,0.14992852771904486,1.0496153861324928,1.0,1.0,1.2475204565497708,0.03116440102962993,6.741649899983547
FedAvg C1 e64 (Mac),Mac princ.,FedAvg,1.0,64.0,789,9,0.1581090854073228,1.2077244715398157,1.0,1.0,1.2475204565497708,0.028233505485767547,6.3040769599933375
FedAvg C1 e64 (Mac),Mac princ.,FedAvg,1.0,64.0,789,10,0.16351699089533261,1.3712414624351483,1.0,1.0,1.2475204565497708,0.014859128375606444,6.228916676091607
FedAvg C1 e64 (Mac),Mac princ.,FedAvg,1.0,64.0,1234,1,0.11741196943967873,0.11741196943967873,1.0,1.0,1.2474933903678174,0.17893057517561609,8.08835108162212
FedAvg C1 e64 (Mac),Mac princ.,FedAvg,1.0,64.0,1234,2,0.12968341718628265,0.24709538662596137,1.0,1.0,1.2474933903678174,0.15315156492405965,7.415574999896301
FedAvg C1 e64 (Mac),Mac princ.,FedAvg,1.0,64.0,1234,3,0.12269560330384609,0.36979098992980747,1.0,1.0,1.2474933903678174,0.11965361661622168,7.894033125936328
FedAvg C1 e64 (Mac),Mac princ.,FedAvg,1.0,64.0,1234,4,0.14224166705616628,0.5120326569859738,1.0,1.0,1.2474933903678174,0.09675750865282093,7.0723713630661695
FedAvg C1 e64 (Mac),Mac princ.,FedAvg,1.0,64.0,1234,5,0.15628569755224686,0.6683183545382206,1.0,1.0,1.2474933903678174,0.06240534186567032,6.46473910684443
FedAvg C1 e64 (Mac),Mac princ.,FedAvg,1.0,64.0,1234,6,0.1729629151751551,0.8412812697133758,1.0,1.0,1.2474933903678174,0.042980253867308596,5.5649154298428805
FedAvg C1 e64 (Mac),Mac princ.,FedAvg,1.0,64.0,1234,7,0.1480582268625495,0.9893394965759252,1.0,1.0,1.2474933903678174,0.04928164827814453,5.923596887547373
FedAvg C1 e64 (Mac),Mac princ.,FedAvg,1.0,64.0,1234,8,0.17686299429963295,1.1662024908755582,1.0,1.0,1.2474933903678174,0.04137421034561334,5.81343213501994
FedAvg C1 e64 (Mac),Mac princ.,FedAvg,1.0,64.0,1234,9,0.19676719640401696,1.3629696872795751,1.0,1.0,1.2474933903678174,0.036945022643519836,4.928567913279167
FedAvg C1 e64 (Mac),Mac princ.,FedAvg,1.0,64.0,1234,10,0.2094611443623291,1.5724308316419042,1.0,1.0,1.2474933903678174,0.01816353720460506,4.728361485842258
FedProx C1 e64 (Mac),Mac princ.,FedProx,1.0,64.0,42,1,0.11819504686690792,0.11819504686690792,1.0,1.0,1.2472911714839692,0.1418994213627177,8.468943735105086
FedProx C1 e64 (Mac),Mac princ.,FedProx,1.0,64.0,42,2,0.526288391397562,0.64448343826447,1.0,1.0,1.2472911714839692,0.04307738456123774,1.8401630986449184
FedProx C1 e64 (Mac),Mac princ.,FedProx,1.0,64.0,42,3,0.9597008971158655,1.6041843353803356,0.9881689238883099,0.47217537942664417,1.2472911714839692,0.022708964642209888,0.9804425662658697
FedProx C1 e64 (Mac),Mac princ.,FedProx,1.0,64.0,42,4,1.0,2.6041843353803356,0.45127172407202343,0.0,1.2472911714839692,0.014080697265577006,0.4649162560536484
FedProx C1 e64 (Mac),Mac princ.,FedProx,1.0,64.0,42,5,1.0,3.6041843353803356,0.31167382471327554,0.0,1.2472911714839692,0.011454032225200368,0.3167622320576507
FedProx C1 e64 (Mac),Mac princ.,FedProx,1.0,64.0,42,6,1.0,4.604184335380335,0.2249485852202018,0.0,1.2472911714839692,0.010708995334086804,0.2441431556612087
FedProx C1 e64 (Mac),Mac princ.,FedProx,1.0,64.0,42,7,1.0,5.604184335380335,0.2783994872384164,0.0,1.2472911714839692,0.008354391010417083,0.27633630999465775
FedProx C1 e64 (Mac),Mac princ.,FedProx,1.0,64.0,42,8,1.0,6.604184335380335,0.2783747856422673,0.0,1.2472911714839692,0.010015760424471228,0.29074202164780655
FedProx C1 e64 (Mac),Mac princ.,FedProx,1.0,64.0,42,9,1.0,7.604184335380335,0.2348172159099751,0.0,1.2472911714839692,0.009242642023851357,0.24703184956308852
FedProx C1 e64 (Mac),Mac princ.,FedProx,1.0,64.0,42,10,1.0,8.604184335380335,0.22947462848513794,0.0,1.2472911714839692,0.004088274122223318,0.24079658765863338
FedProx C1 e64 (Mac),Mac princ.,FedProx,1.0,64.0,123,1,0.133729828501394,0.133729828501394,1.0,1.0,1.2470236244754866,0.15203165155698994,7.575401934922752
FedProx C1 e64 (Mac),Mac princ.,FedProx,1.0,64.0,123,2,0.5265427565979804,0.6602725850993745,1.0,1.0,1.2470236244754866,0.04932554941776564,1.8763519033846914
FedProx C1 e64 (Mac),Mac princ.,FedProx,1.0,64.0,123,3,0.8300845519740593,1.4903571370734339,1.0,1.0,1.2470236244754866,0.015152624859798661,1.1565396200033997
FedProx C1 e64 (Mac),Mac princ.,FedProx,1.0,64.0,123,4,1.0,2.490357137073434,0.4998096176990088,0.0,1.2470236244754866,0.011393139576239001,0.5360111080746628
FedProx C1 e64 (Mac),Mac princ.,FedProx,1.0,64.0,123,5,1.0,3.490357137073434,0.286921666546428,0.0,1.2470236244754866,0.006319913436789867,0.2943204607869101
FedProx C1 e64 (Mac),Mac princ.,FedProx,1.0,64.0,123,6,1.0,4.490357137073434,0.2948540228093606,0.0,1.2470236244754866,0.00828538847039787,0.2904787697205421
FedProx C1 e64 (Mac),Mac princ.,FedProx,1.0,64.0,123,7,1.0,5.490357137073434,0.26087187196976513,0.0,1.2470236244754866,0.013495038901634905,0.269952142374162
FedProx C1 e64 (Mac),Mac princ.,FedProx,1.0,64.0,123,8,1.0,6.490357137073434,0.24634883222530576,0.0,1.2470236244754866,0.008211654234582652,0.24778114749133628
FedProx C1 e64 (Mac),Mac princ.,FedProx,1.0,64.0,123,9,1.0,7.490357137073434,0.22797534418521878,0.0,1.2470236244754866,0.004007975802137331,0.23568677198723278
FedProx C1 e64 (Mac),Mac princ.,FedProx,1.0,64.0,123,10,1.0,8.490357137073435,0.23553766257431646,0.0,1.2470236244754866,0.004976530342185397,0.26414153246792627
FedProx C1 e64 (Mac),Mac princ.,FedProx,1.0,64.0,456,1,0.1221929565941284,0.1221929565941284,1.0,1.0,1.2478444532044894,0.15595009538307278,8.257648751035644
FedProx C1 e64 (Mac),Mac princ.,FedProx,1.0,64.0,456,2,0.5391498781550215,0.6613428347491499,1.0,1.0,1.2478444532044894,0.04209899001509199,1.7779837127754385
FedProx C1 e64 (Mac),Mac princ.,FedProx,1.0,64.0,456,3,0.9164330879950542,1.577775922744204,1.0,1.0,1.2478444532044894,0.012316980631302226,1.058442282158721
FedProx C1 e64 (Mac),Mac princ.,FedProx,1.0,64.0,456,4,1.0,2.577775922744204,0.43594541481764926,0.0,1.2478444532044894,0.015779294301953954,0.4595432403478782
FedProx C1 e64 (Mac),Mac princ.,FedProx,1.0,64.0,456,5,1.0,3.577775922744204,0.28590305544413364,0.0,1.2478444532044894,0.01727972861225431,0.2894800455119724
FedProx C1 e64 (Mac),Mac princ.,FedProx,1.0,64.0,456,6,1.0,4.577775922744204,0.301900404325754,0.0,1.2478444532044894,0.005878546461743096,0.3210043529341362
FedProx C1 e64 (Mac),Mac princ.,FedProx,1.0,64.0,456,7,1.0,5.577775922744204,0.20542763730060165,0.0,1.2478444532044894,0.013728112988509693,0.21708559735706906
FedProx C1 e64 (Mac),Mac princ.,FedProx,1.0,64.0,456,8,1.0,6.577775922744204,0.28996248545423214,0.0,1.2478444532044894,0.01289594955341039,0.30737386814937107
FedProx C1 e64 (Mac),Mac princ.,FedProx,1.0,64.0,456,9,1.0,7.577775922744204,0.21484101563812283,0.0,1.2478444532044894,0.011112413640754827,0.23048964693155444
FedProx C1 e64 (Mac),Mac princ.,FedProx,1.0,64.0,456,10,1.0,8.577775922744204,0.24871065853456745,0.0,1.2478444532044894,0.010252850806648027,0.25544629725684354
FedProx C1 e64 (Mac),Mac princ.,FedProx,1.0,64.0,789,1,0.11959692135990199,0.11959692135990199,1.0,1.0,1.2475204565497708,0.15667343554922122,8.091985642456534
FedProx C1 e64 (Mac),Mac princ.,FedProx,1.0,64.0,789,2,0.5461904316662413,0.6657873530261432,1.0,1.0,1.2475204565497708,0.07427011434451435,1.7859945979634844
FedProx C1 e64 (Mac),Mac princ.,FedProx,1.0,64.0,789,3,0.9410767971463546,1.6068641501724978,0.9996579946785121,0.9749859471613266,1.2475204565497708,0.01578680544189203,1.0220123679143145
FedProx C1 e64 (Mac),Mac princ.,FedProx,1.0,64.0,789,4,1.0,2.606864150172498,0.44369074817574,0.0,1.2475204565497708,0.02447658662131867,0.47489514459786325
FedProx C1 e64 (Mac),Mac princ.,FedProx,1.0,64.0,789,5,1.0,3.606864150172498,0.2813391720663967,0.0,1.2475204565497708,0.008154486784790192,0.28274577653760613
FedProx C1 e64 (Mac),Mac princ.,FedProx,1.0,64.0,789,6,1.0,4.606864150172498,0.3192992156020086,0.0,1.2475204565497708,0.006089019236787399,0.3402022515676148
FedProx C1 e64 (Mac),Mac princ.,FedProx,1.0,64.0,789,7,1.0,5.606864150172498,0.22531407223449396,0.0,1.2475204565497708,0.006541000625538731,0.25627871500402083
FedProx C1 e64 (Mac),Mac princ.,FedProx,1.0,64.0,789,8,1.0,6.606864150172498,0.22835309124512132,0.0,1.2475204565497708,0.011264164457856732,0.23696695598658768
FedProx C1 e64 (Mac),Mac princ.,FedProx,1.0,64.0,789,9,1.0,7.606864150172498,0.2378347630216793,0.0,1.2475204565497708,0.0072918990690506525,0.24404901833461945
FedProx C1 e64 (Mac),Mac princ.,FedProx,1.0,64.0,789,10,1.0,8.606864150172498,0.24122332230858815,0.0,1.2475204565497708,0.011162293907102643,0.25404237706315524
FedProx C1 e64 (Mac),Mac princ.,FedProx,1.0,64.0,1234,1,0.11741196943967873,0.11741196943967873,1.0,1.0,1.2474933903678174,0.17893057517561609,8.08835108162212
FedProx C1 e64 (Mac),Mac princ.,FedProx,1.0,64.0,1234,2,0.534162833316525,0.6515748027562037,1.0,1.0,1.2474933903678174,0.08468642321779664,1.8143359204316454
FedProx C1 e64 (Mac),Mac princ.,FedProx,1.0,64.0,1234,3,0.9434383453748886,1.5950131481310923,1.0,1.0,1.2474933903678174,0.01813387419004746,1.0884770234457977
FedProx C1 e64 (Mac),Mac princ.,FedProx,1.0,64.0,1234,4,1.0,2.595013148131092,0.3425380414273981,0.0,1.2474933903678174,0.040808585971292555,0.3907174681661272
FedProx C1 e64 (Mac),Mac princ.,FedProx,1.0,64.0,1234,5,1.0,3.595013148131092,0.3076252907763077,0.0,1.2474933903678174,0.015607362321053565,0.3109465631854872
FedProx C1 e64 (Mac),Mac princ.,FedProx,1.0,64.0,1234,6,1.0,4.595013148131092,0.26884948164935657,0.0,1.2474933903678174,0.004393949995869357,0.26524992761884814
FedProx C1 e64 (Mac),Mac princ.,FedProx,1.0,64.0,1234,7,1.0,5.595013148131092,0.21345331528637307,0.0,1.2474933903678174,0.016487399659803063,0.2107968758123514
FedProx C1 e64 (Mac),Mac princ.,FedProx,1.0,64.0,1234,8,1.0,6.595013148131092,0.2828115864301527,0.0,1.2474933903678174,0.006894385919945051,0.3184121046986889
FedProx C1 e64 (Mac),Mac princ.,FedProx,1.0,64.0,1234,9,1.0,7.595013148131092,0.224783192971381,0.0,1.2474933903678174,0.019423755354872244,0.2530240500794689
FedProx C1 e64 (Mac),Mac princ.,FedProx,1.0,64.0,1234,10,1.0,8.595013148131091,0.2720662812888317,0.0,1.2474933903678174,0.0051021512998655595,0.2967305316714943
FedAvg C1 e64 (Win),Windows,FedAvg,1.0,64.0,42,1,0.11813975909981762,0.11813975909981762,1.0,1.0,1.2472911714839692,0.14182632111606502,8.478067375469271
FedAvg C1 e64 (Win),Windows,FedAvg,1.0,64.0,42,2,0.11585540694308827,0.23399516604290588,1.0,1.0,1.2472911714839692,0.11343203281172255,8.563397839767479
FedAvg C1 e64 (Win),Windows,FedAvg,1.0,64.0,42,3,0.12772876198097552,0.3617239280238814,1.0,1.0,1.2472911714839692,0.10305609456194731,7.951122881033348
FedAvg C1 e64 (Win),Windows,FedAvg,1.0,64.0,42,4,0.13944185190425856,0.5011657799281399,1.0,1.0,1.2472911714839692,0.08747402978189223,7.21597152104837
FedAvg C1 e64 (Win),Windows,FedAvg,1.0,64.0,42,5,0.14649463129611118,0.6476604112242511,1.0,1.0,1.2472911714839692,0.06539277471995628,6.818218026664652
FedAvg C1 e64 (Win),Windows,FedAvg,1.0,64.0,42,6,0.14997148149794925,0.7976318927222004,1.0,1.0,1.2472911714839692,0.05419925919660723,6.75958329639556
FedAvg C1 e64 (Win),Windows,FedAvg,1.0,64.0,42,7,0.13552876565934716,0.9331606583815475,1.0,1.0,1.2472911714839692,0.03302856309283984,7.023582628057142
FedAvg C1 e64 (Win),Windows,FedAvg,1.0,64.0,42,8,0.1553139173791896,1.088474575760737,1.0,1.0,1.2472911714839692,0.02283636620929567,6.1574031188896345
FedAvg C1 e64 (Win),Windows,FedAvg,1.0,64.0,42,9,0.1627267523282389,1.251201328088976,1.0,1.0,1.2472911714839692,0.02300923093310237,5.877361677247427
FedAvg C1 e64 (Win),Windows,FedAvg,1.0,64.0,42,10,0.1322840032760144,1.3834853313649904,1.0,1.0,1.2472911714839692,0.021276125860735393,6.601368306809783
FedAvg C1 e64 (Win),Windows,FedAvg,1.0,64.0,123,1,0.13225431313284902,0.13225431313284902,1.0,1.0,1.2470236244754866,0.15188388318719065,7.676066470507565
FedAvg C1 e64 (Win),Windows,FedAvg,1.0,64.0,123,2,0.12099706227031311,0.2532513754031621,1.0,1.0,1.2470236244754866,0.13340186828542602,7.679987872838335
FedAvg C1 e64 (Win),Windows,FedAvg,1.0,64.0,123,3,0.13227893965565055,0.38553031505881263,1.0,1.0,1.2470236244754866,0.11285862719280952,6.810281818130521
FedAvg C1 e64 (Win),Windows,FedAvg,1.0,64.0,123,4,0.14349523014924626,0.5290255452080589,1.0,1.0,1.2470236244754866,0.09613692022947717,6.897472723566594
FedAvg C1 e64 (Win),Windows,FedAvg,1.0,64.0,123,5,0.15001084846846402,0.6790363936765229,1.0,1.0,1.2470236244754866,0.07025978948304225,6.448122689867968
FedAvg C1 e64 (Win),Windows,FedAvg,1.0,64.0,123,6,0.15262544540774883,0.8316618390842717,1.0,1.0,1.2470236244754866,0.052437262455555536,6.165059731634018
FedAvg C1 e64 (Win),Windows,FedAvg,1.0,64.0,123,7,0.15569889743542928,0.987360736519701,1.0,1.0,1.2470236244754866,0.0346704446519747,6.216227645695095
FedAvg C1 e64 (Win),Windows,FedAvg,1.0,64.0,123,8,0.16214580223255545,1.1495065387522565,1.0,1.0,1.2470236244754866,0.01845206574378836,5.760695294514797
FedAvg C1 e64 (Win),Windows,FedAvg,1.0,64.0,123,9,0.1761467983062454,1.325653337058502,1.0,1.0,1.2470236244754866,0.022615685359651146,5.479642709555031
FedAvg C1 e64 (Win),Windows,FedAvg,1.0,64.0,123,10,0.18272348279654865,1.5083768198550507,1.0,1.0,1.2470236244754866,0.01671792168579251,5.311689857787696
FedAvg C1 e64 (Win),Windows,FedAvg,1.0,64.0,456,1,0.12352867195541785,0.12352867195541785,1.0,1.0,1.2478444532044894,0.15470096682788353,8.263111312478168
FedAvg C1 e64 (Win),Windows,FedAvg,1.0,64.0,456,2,0.12938190374488343,0.2529105757003013,1.0,1.0,1.2478444532044894,0.12979572466801803,7.58098420983552
FedAvg C1 e64 (Win),Windows,FedAvg,1.0,64.0,456,3,0.135658263584624,0.38856883928492525,1.0,1.0,1.2478444532044894,0.11268921330976565,7.242528051648021
FedAvg C1 e64 (Win),Windows,FedAvg,1.0,64.0,456,4,0.1465912132880244,0.5351600525729496,1.0,1.0,1.2478444532044894,0.08834551731007957,6.757021497544372
FedAvg C1 e64 (Win),Windows,FedAvg,1.0,64.0,456,5,0.14648334061390833,0.681643393186858,1.0,1.0,1.2478444532044894,0.05143432110899246,6.36804121214307
FedAvg C1 e64 (Win),Windows,FedAvg,1.0,64.0,456,6,0.14737177731447246,0.8290151705013304,1.0,1.0,1.2478444532044894,0.050547788149487294,6.480367565837925
FedAvg C1 e64 (Win),Windows,FedAvg,1.0,64.0,456,7,0.1607289683505236,0.9897441388518541,1.0,1.0,1.2478444532044894,0.04168123049376878,5.733603924086773
FedAvg C1 e64 (Win),Windows,FedAvg,1.0,64.0,456,8,0.17205522422881483,1.161799363080669,1.0,1.0,1.2478444532044894,0.03307768838750375,5.62551006198341
FedAvg C1 e64 (Win),Windows,FedAvg,1.0,64.0,456,9,0.17866090903154988,1.3404602721122187,1.0,1.0,1.2478444532044894,0.02902512342615255,5.38184517266062
FedAvg C1 e64 (Win),Windows,FedAvg,1.0,64.0,456,10,0.17880472079432064,1.5192649929065394,1.0,1.0,1.2478444532044894,0.015510113650521375,5.7214748934984145
FedAvg C1 e64 (Win),Windows,FedAvg,1.0,64.0,789,1,0.11976218751362525,0.11976218751362525,1.0,1.0,1.2475204565497708,0.15665306661168846,8.07560227663338
FedAvg C1 e64 (Win),Windows,FedAvg,1.0,64.0,789,2,0.11323461431782286,0.2329968018314481,1.0,1.0,1.2475204565497708,0.14460154551179846,8.218145529844568
FedAvg C1 e64 (Win),Windows,FedAvg,1.0,64.0,789,3,0.10806483877378426,0.34106164060523236,1.0,1.0,1.2475204565497708,0.13097469110014218,8.407235040924116
FedAvg C1 e64 (Win),Windows,FedAvg,1.0,64.0,789,4,0.12992942555001652,0.4709910661552489,1.0,1.0,1.2475204565497708,0.11555610861670289,7.687584087619234
FedAvg C1 e64 (Win),Windows,FedAvg,1.0,64.0,789,5,0.1372838211280483,0.6082748872832971,1.0,1.0,1.2475204565497708,0.09966374839170467,7.0222042097888
FedAvg C1 e64 (Win),Windows,FedAvg,1.0,64.0,789,6,0.14185045882965383,0.750125346112951,1.0,1.0,1.2475204565497708,0.06979171575889474,6.825187743321557
FedAvg C1 e64 (Win),Windows,FedAvg,1.0,64.0,789,7,0.160299969151835,0.910425315264786,1.0,1.0,1.2475204565497708,0.04954583168178177,6.076584652389658
FedAvg C1 e64 (Win),Windows,FedAvg,1.0,64.0,789,8,0.14685851704798472,1.0572838323127707,1.0,1.0,1.2475204565497708,0.03235642198493596,6.431754243640752
FedAvg C1 e64 (Win),Windows,FedAvg,1.0,64.0,789,9,0.17270431250325954,1.2299881448160301,1.0,1.0,1.2475204565497708,0.044216057362916054,5.569336028627211
FedAvg C1 e64 (Win),Windows,FedAvg,1.0,64.0,789,10,0.165919209281228,1.3959073540972582,1.0,1.0,1.2475204565497708,0.02920796341468629,5.704075283597221
FedAvg C1 e64 (Win),Windows,FedAvg,1.0,64.0,1234,1,0.117221178566374,0.117221178566374,1.0,1.0,1.2474933903678174,0.17910432024817502,8.112956729240805
FedAvg C1 e64 (Win),Windows,FedAvg,1.0,64.0,1234,2,0.130701745879288,0.247922924445662,1.0,1.0,1.2474933903678174,0.1524469219633957,7.256969350925145
FedAvg C1 e64 (Win),Windows,FedAvg,1.0,64.0,1234,3,0.12962759025874723,0.37755051470440926,1.0,1.0,1.2474933903678174,0.12622390540553596,7.872917458665117
FedAvg C1 e64 (Win),Windows,FedAvg,1.0,64.0,1234,4,0.14551980891234442,0.5230703236167537,1.0,1.0,1.2474933903678174,0.10339590629368277,6.718616938613121
FedAvg C1 e64 (Win),Windows,FedAvg,1.0,64.0,1234,5,0.1464278539927092,0.6694981776094628,1.0,1.0,1.2474933903678174,0.07032769652683644,6.942227208027245
FedAvg C1 e64 (Win),Windows,FedAvg,1.0,64.0,1234,6,0.1430418859243014,0.8125400635337643,1.0,1.0,1.2474933903678174,0.0528192508492566,6.895439240340608
FedAvg C1 e64 (Win),Windows,FedAvg,1.0,64.0,1234,7,0.15756835575687117,0.9701084192906355,1.0,1.0,1.2474933903678174,0.04427118613123268,6.284829203475322
FedAvg C1 e64 (Win),Windows,FedAvg,1.0,64.0,1234,8,0.16336981369808437,1.1334782329887199,1.0,1.0,1.2474933903678174,0.03755289168836037,6.117217984036109
FedAvg C1 e64 (Win),Windows,FedAvg,1.0,64.0,1234,9,0.17962979811204807,1.313108031100768,1.0,1.0,1.2474933903678174,0.032873056381008334,5.494934225130328
FedAvg C1 e64 (Win),Windows,FedAvg,1.0,64.0,1234,10,0.19373434421759483,1.5068423753183628,1.0,1.0,1.2474933903678174,0.018127213099671698,5.266988049035558
FedProx C1 e64 (Win),Windows,FedProx,1.0,64.0,42,1,0.11813975909981762,0.11813975909981762,1.0,1.0,1.2472911714839692,0.14182632111606502,8.478067375469271
FedProx C1 e64 (Win),Windows,FedProx,1.0,64.0,42,2,0.5269808375666021,0.6451205966664197,1.0,1.0,1.2472911714839692,0.04705595300478225,1.840079182973198
FedProx C1 e64 (Win),Windows,FedProx,1.0,64.0,42,3,0.9605756352679725,1.6056962319343921,0.9870275121195504,0.47217537942664417,1.2472911714839692,0.020224330716647698,0.9784636359585153
FedProx C1 e64 (Win),Windows,FedProx,1.0,64.0,42,4,1.0,2.605696231934392,0.46195987731840477,0.0,1.2472911714839692,0.01298858685497609,0.4743078638823802
FedProx C1 e64 (Win),Windows,FedProx,1.0,64.0,42,5,1.0,3.605696231934392,0.30166837040901073,0.0,1.2472911714839692,0.010412196154131506,0.3066226359322288
FedProx C1 e64 (Win),Windows,FedProx,1.0,64.0,42,6,1.0,4.605696231934392,0.22620872508249482,0.0,1.2472911714839692,0.009899768273300831,0.24191280334530346
FedProx C1 e64 (Win),Windows,FedProx,1.0,64.0,42,7,1.0,5.605696231934392,0.2727488815059107,0.0,1.2472911714839692,0.006985054330925607,0.2690452748795508
FedProx C1 e64 (Win),Windows,FedProx,1.0,64.0,42,8,1.0,6.605696231934392,0.2827479428012791,0.0,1.2472911714839692,0.009911235325469161,0.29011823321174335
FedProx C1 e64 (Win),Windows,FedProx,1.0,64.0,42,9,1.0,7.605696231934392,0.23005125285778621,0.0,1.2472911714839692,0.008856111346960757,0.2272302065776387
FedProx C1 e64 (Win),Windows,FedProx,1.0,64.0,42,10,1.0,8.605696231934392,0.22537682744405557,0.0,1.2472911714839692,0.0038983807432031686,0.23966498307099265
FedProx C1 e64 (Win),Windows,FedProx,1.0,64.0,123,1,0.13225431313284902,0.13225431313284902,1.0,1.0,1.2470236244754866,0.15188388318719065,7.676066470507565
FedProx C1 e64 (Win),Windows,FedProx,1.0,64.0,123,2,0.5265364607097281,0.6587907738425771,1.0,1.0,1.2470236244754866,0.048971191597797434,1.872591653337419
FedProx C1 e64 (Win),Windows,FedProx,1.0,64.0,123,3,0.8361890747475152,1.4949798485900923,1.0,1.0,1.2470236244754866,0.014189200220157176,1.1459868918349476
FedProx C1 e64 (Win),Windows,FedProx,1.0,64.0,123,4,1.0,2.4949798485900923,0.48378093849043735,0.0,1.2470236244754866,0.011441400568968469,0.5137535046730408
FedProx C1 e64 (Win),Windows,FedProx,1.0,64.0,123,5,1.0,3.4949798485900923,0.2861549591156376,0.0,1.2470236244754866,0.00622039745544294,0.2913172454272816
FedProx C1 e64 (Win),Windows,FedProx,1.0,64.0,123,6,1.0,4.494979848590092,0.2928684501013657,0.0,1.2470236244754866,0.008359705610990897,0.28948303987356566
FedProx C1 e64 (Win),Windows,FedProx,1.0,64.0,123,7,1.0,5.494979848590092,0.26237422189388937,0.0,1.2470236244754866,0.013779931452880735,0.2705190603709561
FedProx C1 e64 (Win),Windows,FedProx,1.0,64.0,123,8,1.0,6.494979848590092,0.2509020473147903,0.0,1.2470236244754866,0.008586749948142396,0.25646648965442453
FedProx C1 e64 (Win),Windows,FedProx,1.0,64.0,123,9,1.0,7.494979848590092,0.22564512112581328,0.0,1.2470236244754866,0.00427500481451815,0.2336531062585426
FedProx C1 e64 (Win),Windows,FedProx,1.0,64.0,123,10,1.0,8.494979848590091,0.23570878427385494,0.0,1.2470236244754866,0.005298589402072383,0.268565900797435
FedProx C1 e64 (Win),Windows,FedProx,1.0,64.0,456,1,0.12352867195541785,0.12352867195541785,1.0,1.0,1.2478444532044894,0.15470096682788353,8.263111312478168
FedProx C1 e64 (Win),Windows,FedProx,1.0,64.0,456,2,0.5419700006900622,0.66549867264548,1.0,1.0,1.2478444532044894,0.044961717051599695,1.7642048029092574
FedProx C1 e64 (Win),Windows,FedProx,1.0,64.0,456,3,0.9180291204040177,1.5835277930494978,1.0,1.0,1.2478444532044894,0.012608770574432267,1.0573824324606853
FedProx C1 e64 (Win),Windows,FedProx,1.0,64.0,456,4,1.0,2.5835277930494978,0.4363086222880361,0.0,1.2478444532044894,0.017351731881057073,0.4597105661904757
FedProx C1 e64 (Win),Windows,FedProx,1.0,64.0,456,5,1.0,3.5835277930494978,0.2825528771461328,0.0,1.2478444532044894,0.01602044539326986,0.2879403709184755
FedProx C1 e64 (Win),Windows,FedProx,1.0,64.0,456,6,1.0,4.583527793049498,0.2990283666082976,0.0,1.2478444532044894,0.0061205902451496865,0.31690662301788586
FedProx C1 e64 (Win),Windows,FedProx,1.0,64.0,456,7,1.0,5.583527793049498,0.20560182172184652,0.0,1.2478444532044894,0.014826801344587151,0.22069343868871155
FedProx C1 e64 (Win),Windows,FedProx,1.0,64.0,456,8,1.0,6.583527793049498,0.2871317194539963,0.0,1.2478444532044894,0.013861382834172091,0.3072487671307139
FedProx C1 e64 (Win),Windows,FedProx,1.0,64.0,456,9,1.0,7.583527793049498,0.20931218605641608,0.0,1.2478444532044894,0.004779118989932687,0.23142382774037493
FedProx C1 e64 (Win),Windows,FedProx,1.0,64.0,456,10,1.0,8.583527793049498,0.22099031365126176,0.0,1.2478444532044894,0.011660167247065718,0.220268998045498
FedProx C1 e64 (Win),Windows,FedProx,1.0,64.0,789,1,0.11976218751362525,0.11976218751362525,1.0,1.0,1.2475204565497708,0.15665306661168846,8.07560227663338
FedProx C1 e64 (Win),Windows,FedProx,1.0,64.0,789,2,0.5429963344165932,0.6627585219302184,1.0,1.0,1.2475204565497708,0.07625726010936013,1.7858067955138894
FedProx C1 e64 (Win),Windows,FedProx,1.0,64.0,789,3,0.9473831504173644,1.610141672347583,0.999772869590657,0.9749859471613266,1.2475204565497708,0.01616378913192119,1.0166367040739863
FedProx C1 e64 (Win),Windows,FedProx,1.0,64.0,789,4,1.0,2.610141672347583,0.4399509799838532,0.0,1.2475204565497708,0.024920836981097906,0.4612154822330788
FedProx C1 e64 (Win),Windows,FedProx,1.0,64.0,789,5,1.0,3.610141672347583,0.27647820206574336,0.0,1.2475204565497708,0.0073787306280656195,0.2808913847051863
FedProx C1 e64 (Win),Windows,FedProx,1.0,64.0,789,6,1.0,4.6101416723475825,0.31237668488147313,0.0,1.2475204565497708,0.005407354809886819,0.33140411056215785
FedProx C1 e64 (Win),Windows,FedProx,1.0,64.0,789,7,1.0,5.6101416723475825,0.22601405690410373,0.0,1.2475204565497708,0.00752271389298441,0.2567948003366872
FedProx C1 e64 (Win),Windows,FedProx,1.0,64.0,789,8,1.0,6.6101416723475825,0.23271131947424523,0.0,1.2475204565497708,0.011785611228411007,0.24019778331091746
FedProx C1 e64 (Win),Windows,FedProx,1.0,64.0,789,9,1.0,7.6101416723475825,0.23980691049288438,0.0,1.2475204565497708,0.0072481489950792745,0.24512090109814788
FedProx C1 e64 (Win),Windows,FedProx,1.0,64.0,789,10,1.0,8.610141672347583,0.24275776868955795,0.0,1.2475204565497708,0.011395952193048441,0.25794717863895184
FedProx C1 e64 (Win),Windows,FedProx,1.0,64.0,1234,1,0.117221178566374,0.117221178566374,1.0,1.0,1.2474933903678174,0.17910432024817502,8.112956729240805
FedProx C1 e64 (Win),Windows,FedProx,1.0,64.0,1234,2,0.5342631803750127,0.6514843589413868,1.0,1.0,1.2474933903678174,0.08477346353313268,1.8143715644411227
FedProx C1 e64 (Win),Windows,FedProx,1.0,64.0,1234,3,0.9437049735459734,1.5951893324873603,1.0,1.0,1.2474933903678174,0.018441390244135537,1.0888479081314035
FedProx C1 e64 (Win),Windows,FedProx,1.0,64.0,1234,4,1.0,2.5951893324873603,0.34277068549756295,0.0,1.2474933903678174,0.04097234030092087,0.39076943716984147
FedProx C1 e64 (Win),Windows,FedProx,1.0,64.0,1234,5,1.0,3.5951893324873603,0.30783302478559094,0.0,1.2474933903678174,0.015789365189343593,0.3117142966825892
FedProx C1 e64 (Win),Windows,FedProx,1.0,64.0,1234,6,1.0,4.59518933248736,0.2692515029907157,0.0,1.2474933903678174,0.004397603441438512,0.26573563433729885
FedProx C1 e64 (Win),Windows,FedProx,1.0,64.0,1234,7,1.0,5.59518933248736,0.2134129386543858,0.0,1.2474933903678174,0.016537538697116477,0.21065616299461312
FedProx C1 e64 (Win),Windows,FedProx,1.0,64.0,1234,8,1.0,6.59518933248736,0.282647521351017,0.0,1.2474933903678174,0.0068996312323002,0.31820836953164733
FedProx C1 e64 (Win),Windows,FedProx,1.0,64.0,1234,9,1.0,7.59518933248736,0.22475173548343663,0.0,1.2474933903678174,0.019419574697572013,0.2530446132917685
FedProx C1 e64 (Win),Windows,FedProx,1.0,64.0,1234,10,1.0,8.59518933248736,0.2721377525925668,0.0,1.2474933903678174,0.0051232793516011845,0.29680209046446127
FedProx C1 e64 per_site (Mac2),secondo Mac,FedProx,1.0,64.0,42,1,0.11780418986249332,0.11780418986249332,1.0,1.0,1.2472911714839692,0.1415259213719573,8.475385655380489
FedProx C1 e64 per_site (Mac2),secondo Mac,FedProx,1.0,64.0,42,2,0.5259499870008537,0.643754176863347,1.0,1.0,1.2472911714839692,0.0414892357183513,1.8435511422851008
FedProx C1 e64 per_site (Mac2),secondo Mac,FedProx,1.0,64.0,42,3,0.9595572518002836,1.6033114286636305,0.9887151722306583,0.47217537942664417,1.2472911714839692,0.020976736732067063,0.9816113694334329
FedProx C1 e64 per_site (Mac2),secondo Mac,FedProx,1.0,64.0,42,4,1.0,2.6033114286636305,0.462774823296579,0.0,1.2472911714839692,0.01297232218239212,0.47428370942028364
FedProx C1 e64 per_site (Mac2),secondo Mac,FedProx,1.0,64.0,42,5,1.0,3.6033114286636305,0.30149975398630485,0.0,1.2472911714839692,0.010383398734481136,0.3068682585093121
FedProx C1 e64 per_site (Mac2),secondo Mac,FedProx,1.0,64.0,42,6,1.0,4.6033114286636305,0.22674359140027722,0.0,1.2472911714839692,0.00989653528761914,0.24232615018666454
FedProx C1 e64 per_site (Mac2),secondo Mac,FedProx,1.0,64.0,42,7,1.0,5.6033114286636305,0.27253691221228404,0.0,1.2472911714839692,0.006997624125987056,0.2693871272923319
FedProx C1 e64 per_site (Mac2),secondo Mac,FedProx,1.0,64.0,42,8,1.0,6.6033114286636305,0.28282230653053425,0.0,1.2472911714839692,0.009583189093195343,0.29001045207884313
FedProx C1 e64 per_site (Mac2),secondo Mac,FedProx,1.0,64.0,42,9,1.0,7.6033114286636305,0.23136859025855874,0.0,1.2472911714839692,0.008785160126101773,0.2276947048368235
FedProx C1 e64 per_site (Mac2),secondo Mac,FedProx,1.0,64.0,42,10,1.0,8.60331142866363,0.2245145192842691,0.0,1.2472911714839692,0.003936862896160315,0.23833173496255083
FedProx C1 e64 per_site (Mac2),secondo Mac,FedProx,1.0,64.0,123,1,0.1345735809815821,0.1345735809815821,1.0,1.0,1.2470236244754866,0.15212483288509318,7.463773131954615
FedProx C1 e64 per_site (Mac2),secondo Mac,FedProx,1.0,64.0,123,2,0.5264416768423699,0.661015257823952,1.0,1.0,1.2470236244754866,0.04913465714610218,1.871542559808062
FedProx C1 e64 per_site (Mac2),secondo Mac,FedProx,1.0,64.0,123,3,0.8336757699853325,1.4946910278092846,1.0,1.0,1.2470236244754866,0.013970802679085693,1.1508290189108659
FedProx C1 e64 per_site (Mac2),secondo Mac,FedProx,1.0,64.0,123,4,1.0,2.4946910278092846,0.49414039551542066,0.0,1.2470236244754866,0.011582616116399064,0.5287712846109229
FedProx C1 e64 per_site (Mac2),secondo Mac,FedProx,1.0,64.0,123,5,1.0,3.4946910278092846,0.28749696915816536,0.0,1.2470236244754866,0.006305410211491164,0.29308898702644876
FedProx C1 e64 per_site (Mac2),secondo Mac,FedProx,1.0,64.0,123,6,1.0,4.494691027809285,0.29308998415685,0.0,1.2470236244754866,0.008434736997376749,0.28963489888743904
FedProx C1 e64 per_site (Mac2),secondo Mac,FedProx,1.0,64.0,123,7,1.0,5.494691027809285,0.2626293796131373,0.0,1.2470236244754866,0.013632990378938212,0.27163710196667606
FedProx C1 e64 per_site (Mac2),secondo Mac,FedProx,1.0,64.0,123,8,1.0,6.494691027809285,0.2455726614053472,0.0,1.2470236244754866,0.008375071978420185,0.24851700334255247
FedProx C1 e64 per_site (Mac2),secondo Mac,FedProx,1.0,64.0,123,9,1.0,7.494691027809285,0.2274047441754469,0.0,1.2470236244754866,0.0041098925483970036,0.2356606096463637
FedProx C1 e64 per_site (Mac2),secondo Mac,FedProx,1.0,64.0,123,10,1.0,8.494691027809285,0.23538800711503757,0.0,1.2470236244754866,0.00499471526118791,0.26643750341953837
FedProx C1 e64 per_site (Mac2),secondo Mac,FedProx,1.0,64.0,456,1,0.12171003989835591,0.12171003989835591,1.0,1.0,1.2478444532044894,0.15589633334534445,8.264598626525888
FedProx C1 e64 per_site (Mac2),secondo Mac,FedProx,1.0,64.0,456,2,0.51728468040714,0.638994720305496,1.0,1.0,1.2478444532044894,0.04228635686499613,1.8998501941274852
FedProx C1 e64 per_site (Mac2),secondo Mac,FedProx,1.0,64.0,456,3,0.9882164289056414,1.6272111492111374,0.9846453130457187,0.4728873899194304,1.2478444532044894,0.006958687407651715,0.9712089854039733
FedProx C1 e64 per_site (Mac2),secondo Mac,FedProx,1.0,64.0,456,4,1.0,2.6272111492111376,0.36260387884473805,0.0,1.2478444532044894,0.014152948757300575,0.38324828877024103
FedProx C1 e64 per_site (Mac2),secondo Mac,FedProx,1.0,64.0,456,5,1.0,3.6272111492111376,0.2603512761418716,0.0,1.2478444532044894,0.010077103638038614,0.25770587889792523
FedProx C1 e64 per_site (Mac2),secondo Mac,FedProx,1.0,64.0,456,6,1.0,4.627211149211138,0.25070562261916324,0.0,1.2478444532044894,0.0055916348694836195,0.26119847851447686
FedProx C1 e64 per_site (Mac2),secondo Mac,FedProx,1.0,64.0,456,7,1.0,5.627211149211138,0.23367418221638375,0.0,1.2478444532044894,0.011409386821011743,0.23937560062718824
FedProx C1 e64 per_site (Mac2),secondo Mac,FedProx,1.0,64.0,456,8,1.0,6.627211149211138,0.2676512389780422,0.0,1.2478444532044894,0.008602513179533257,0.2810464949229819
FedProx C1 e64 per_site (Mac2),secondo Mac,FedProx,1.0,64.0,456,9,1.0,7.627211149211138,0.2127448059249674,0.0,1.2478444532044894,0.007793483037921146,0.2159792798581141
FedProx C1 e64 per_site (Mac2),secondo Mac,FedProx,1.0,64.0,456,10,1.0,8.627211149211139,0.25158041385749635,0.0,1.2478444532044894,0.00615101019921777,0.25631073982735486
FedProx C1 e64 per_site (Mac2),secondo Mac,FedProx,1.0,64.0,789,1,0.11983676070685863,0.11983676070685863,1.0,1.0,1.2475204565497708,0.15663852565253522,8.084104557926562
FedProx C1 e64 per_site (Mac2),secondo Mac,FedProx,1.0,64.0,789,2,0.5344012425385969,0.6542380032454556,1.0,1.0,1.2475204565497708,0.0786556224008912,1.816787088607837
FedProx C1 e64 per_site (Mac2),secondo Mac,FedProx,1.0,64.0,789,3,0.949988259945993,1.6042262631914486,1.0,1.0,1.2475204565497708,0.01628793311274423,1.0187576799598999
FedProx C1 e64 per_site (Mac2),secondo Mac,FedProx,1.0,64.0,789,4,1.0,2.604226263191449,0.4162458636732943,0.0,1.2475204565497708,0.023417095242444196,0.4470057500598295
FedProx C1 e64 per_site (Mac2),secondo Mac,FedProx,1.0,64.0,789,5,1.0,3.604226263191449,0.2739016331859693,0.0,1.2475204565497708,0.0075860659399819156,0.2722797996266331
FedProx C1 e64 per_site (Mac2),secondo Mac,FedProx,1.0,64.0,789,6,1.0,4.604226263191449,0.31648474318243347,0.0,1.2475204565497708,0.005991053162646275,0.33391463962171286
FedProx C1 e64 per_site (Mac2),secondo Mac,FedProx,1.0,64.0,789,7,1.0,5.604226263191449,0.22395744458882524,0.0,1.2475204565497708,0.00675464859904047,0.25229984342406747
FedProx C1 e64 per_site (Mac2),secondo Mac,FedProx,1.0,64.0,789,8,1.0,6.604226263191449,0.2246817757189627,0.0,1.2475204565497708,0.011218629195107858,0.23046258296132388
FedProx C1 e64 per_site (Mac2),secondo Mac,FedProx,1.0,64.0,789,9,1.0,7.604226263191449,0.23931600915545503,0.0,1.2475204565497708,0.006726116723482365,0.24272243813793892
FedProx C1 e64 per_site (Mac2),secondo Mac,FedProx,1.0,64.0,789,10,1.0,8.60422626319145,0.2428930522398502,0.0,1.2475204565497708,0.011394362472696118,0.25570438631507103
FedProx C1 e64 per_site (Mac2),secondo Mac,FedProx,1.0,64.0,1234,1,0.11765292523240874,0.11765292523240874,1.0,1.0,1.2474933903678174,0.1789504983570232,8.068541694758322
FedProx C1 e64 per_site (Mac2),secondo Mac,FedProx,1.0,64.0,1234,2,0.534328072928945,0.6519809981613538,1.0,1.0,1.2474933903678174,0.08459035728794317,1.8140520872821104
FedProx C1 e64 per_site (Mac2),secondo Mac,FedProx,1.0,64.0,1234,3,0.9444373067018235,1.5964183048631773,1.0,1.0,1.2474933903678174,0.0181889630317997,1.0882432792164765
FedProx C1 e64 per_site (Mac2),secondo Mac,FedProx,1.0,64.0,1234,4,1.0,2.5964183048631773,0.34221293267472475,0.0,1.2474933903678174,0.040686066337695226,0.39001102776013435
FedProx C1 e64 per_site (Mac2),secondo Mac,FedProx,1.0,64.0,1234,5,1.0,3.5964183048631773,0.30785527224169373,0.0,1.2474933903678174,0.015799321407174657,0.3117510734864708
FedProx C1 e64 per_site (Mac2),secondo Mac,FedProx,1.0,64.0,1234,6,1.0,4.596418304863177,0.2690505490772786,0.0,1.2474933903678174,0.0044244979476176505,0.26560422474679185
FedProx C1 e64 per_site (Mac2),secondo Mac,FedProx,1.0,64.0,1234,7,1.0,5.596418304863177,0.21351182173341626,0.0,1.2474933903678174,0.016625146386750916,0.2105818292460946
FedProx C1 e64 per_site (Mac2),secondo Mac,FedProx,1.0,64.0,1234,8,1.0,6.596418304863177,0.28239753697358555,0.0,1.2474933903678174,0.006892348023307321,0.31791970182309737
FedProx C1 e64 per_site (Mac2),secondo Mac,FedProx,1.0,64.0,1234,9,1.0,7.596418304863177,0.22486741770792448,0.0,1.2474933903678174,0.019325025431653604,0.2531978511648414
FedProx C1 e64 per_site (Mac2),secondo Mac,FedProx,1.0,64.0,1234,10,1.0,8.596418304863178,0.2724916739416212,0.0,1.2474933903678174,0.005151861941278098,0.2972645289328179
FedProx C1 e64 iid (Mac2),secondo Mac,FedProx,1.0,64.0,42,1,0.11397264943034338,0.11397264943034338,1.0,1.0,1.2472911714839692,0.143437966039886,8.956334199285779
FedProx C1 e64 iid (Mac2),secondo Mac,FedProx,1.0,64.0,42,2,0.5312536243768232,0.6452262738071666,1.0,1.0,1.2472911714839692,0.0337692396687364,1.8914291697807737
FedProx C1 e64 iid (Mac2),secondo Mac,FedProx,1.0,64.0,42,3,0.997280196807531,1.6425064706146975,0.9990227907969509,0.9748735244519393,1.2472911714839692,0.041250016605626404,1.0019038213664524
FedProx C1 e64 iid (Mac2),secondo Mac,FedProx,1.0,64.0,42,4,1.0,2.6425064706146975,0.5360580764061162,0.0,1.2472911714839692,0.010648494831088562,0.5406313800358348
FedProx C1 e64 iid (Mac2),secondo Mac,FedProx,1.0,64.0,42,5,1.0,3.6425064706146975,0.29218558705686937,0.0,1.2472911714839692,0.015853542567773035,0.29254586704135965
FedProx C1 e64 iid (Mac2),secondo Mac,FedProx,1.0,64.0,42,6,1.0,4.6425064706146975,0.23245197129366604,0.0,1.2472911714839692,0.008072563847826977,0.23870661277364547
FedProx C1 e64 iid (Mac2),secondo Mac,FedProx,1.0,64.0,42,7,1.0,5.6425064706146975,0.2551024265529195,0.0,1.2472911714839692,0.007913629223581124,0.2575080061335497
FedProx C1 e64 iid (Mac2),secondo Mac,FedProx,1.0,64.0,42,8,1.0,6.6425064706146975,0.24109593345467786,0.0,1.2472911714839692,0.008496976228582807,0.24107291807270895
FedProx C1 e64 iid (Mac2),secondo Mac,FedProx,1.0,64.0,42,9,1.0,7.6425064706146975,0.21078093891350902,0.0,1.2472911714839692,0.007516393911463061,0.20974523820610697
FedProx C1 e64 iid (Mac2),secondo Mac,FedProx,1.0,64.0,42,10,1.0,8.642506470614698,0.1826540261208744,0.0,1.2472911714839692,0.00996697969938552,0.185394339127717
FedProx C1 e64 iid (Mac2),secondo Mac,FedProx,1.0,64.0,123,1,0.12021770736260257,0.12021770736260257,1.0,1.0,1.2470236244754866,0.15300636451499025,7.512804157647241
FedProx C1 e64 iid (Mac2),secondo Mac,FedProx,1.0,64.0,123,2,0.5140786339810095,0.634296341343612,1.0,1.0,1.2470236244754866,0.06298482203555279,1.9405831953992083
FedProx C1 e64 iid (Mac2),secondo Mac,FedProx,1.0,64.0,123,3,0.8060999979433741,1.440396339286986,1.0,1.0,1.2470236244754866,0.007546646010050835,1.2390441776123455
FedProx C1 e64 iid (Mac2),secondo Mac,FedProx,1.0,64.0,123,4,1.0,2.440396339286986,0.4851668839539012,0.0,1.2470236244754866,0.010829083424061345,0.4859691739296425
FedProx C1 e64 iid (Mac2),secondo Mac,FedProx,1.0,64.0,123,5,1.0,3.440396339286986,0.3132751488945021,0.0,1.2470236244754866,0.005680407409549257,0.3127572298069558
FedProx C1 e64 iid (Mac2),secondo Mac,FedProx,1.0,64.0,123,6,1.0,4.440396339286986,0.2779616471612284,0.0,1.2470236244754866,0.010784011241952902,0.27485460923202404
FedProx C1 e64 iid (Mac2),secondo Mac,FedProx,1.0,64.0,123,7,1.0,5.440396339286986,0.21677725640373718,0.0,1.2470236244754866,0.01959472863955564,0.21414197342071456
FedProx C1 e64 iid (Mac2),secondo Mac,FedProx,1.0,64.0,123,8,1.0,6.440396339286986,0.20784065846723726,0.0,1.2470236244754866,0.010990015728343135,0.2072949749261377
FedProx C1 e64 iid (Mac2),secondo Mac,FedProx,1.0,64.0,123,9,1.0,7.440396339286986,0.2358889425078362,0.0,1.2470236244754866,0.005445990024112242,0.23974767288260285
FedProx C1 e64 iid (Mac2),secondo Mac,FedProx,1.0,64.0,123,10,1.0,8.440396339286986,0.1820144783996322,0.0,1.2470236244754866,0.0049869086157663094,0.18173631276138016
FedProx C1 e64 iid (Mac2),secondo Mac,FedProx,1.0,64.0,456,1,0.12120316490642069,0.12120316490642069,1.0,1.0,1.2478444532044894,0.15781385647884724,7.748811253167813
FedProx C1 e64 iid (Mac2),secondo Mac,FedProx,1.0,64.0,456,2,0.5101831385492727,0.6313863034556934,1.0,1.0,1.2478444532044894,0.04861934346867273,1.9628968782442509
FedProx C1 e64 iid (Mac2),secondo Mac,FedProx,1.0,64.0,456,3,0.8707881076336483,1.5021744110893418,1.0,1.0,1.2478444532044894,0.010208455780252354,1.149893858112662
FedProx C1 e64 iid (Mac2),secondo Mac,FedProx,1.0,64.0,456,4,1.0,2.502174411089342,0.4471351468306721,0.0,1.2478444532044894,0.019011879628980745,0.44543101097789334
FedProx C1 e64 iid (Mac2),secondo Mac,FedProx,1.0,64.0,456,5,1.0,3.502174411089342,0.28237623041758336,0.0,1.2478444532044894,0.014948800628435042,0.2800586108867984
FedProx C1 e64 iid (Mac2),secondo Mac,FedProx,1.0,64.0,456,6,1.0,4.502174411089342,0.20870962317788308,0.0,1.2478444532044894,0.006353582799093611,0.20956966025369872
FedProx C1 e64 iid (Mac2),secondo Mac,FedProx,1.0,64.0,456,7,1.0,5.502174411089342,0.21343870700072665,0.0,1.2478444532044894,0.011664848946908299,0.2095166323852703
FedProx C1 e64 iid (Mac2),secondo Mac,FedProx,1.0,64.0,456,8,1.0,6.502174411089342,0.2735367171330394,0.0,1.2478444532044894,0.04144402932448819,0.27219483394511823
FedProx C1 e64 iid (Mac2),secondo Mac,FedProx,1.0,64.0,456,9,1.0,7.502174411089342,0.1959502686270632,0.0,1.2478444532044894,0.008443359809314613,0.19758994155619028
FedProx C1 e64 iid (Mac2),secondo Mac,FedProx,1.0,64.0,456,10,1.0,8.502174411089342,0.2007863551799716,0.0,1.2478444532044894,0.019347431830175614,0.2019673418553385
FedProx C1 e64 iid (Mac2),secondo Mac,FedProx,1.0,64.0,789,1,0.1174080403428572,0.1174080403428572,1.0,1.0,1.2475204565497708,0.1562053873880392,8.33023259162312
FedProx C1 e64 iid (Mac2),secondo Mac,FedProx,1.0,64.0,789,2,0.5198228254085905,0.6372308657514477,1.0,1.0,1.2475204565497708,0.08235821209890923,1.9185641100551256
FedProx C1 e64 iid (Mac2),secondo Mac,FedProx,1.0,64.0,789,3,0.8937135248058058,1.5309443905572535,1.0,1.0,1.2475204565497708,0.01711122905900771,1.1173999047188492
FedProx C1 e64 iid (Mac2),secondo Mac,FedProx,1.0,64.0,789,4,1.0,2.5309443905572535,0.4632893275990596,0.0,1.2475204565497708,0.03613810086063172,0.4619390742468076
FedProx C1 e64 iid (Mac2),secondo Mac,FedProx,1.0,64.0,789,5,1.0,3.5309443905572535,0.28907309532723263,0.0,1.2475204565497708,0.010692520682743305,0.29606079372394906
FedProx C1 e64 iid (Mac2),secondo Mac,FedProx,1.0,64.0,789,6,1.0,4.530944390557254,0.30199815816490083,0.0,1.2475204565497708,0.007603297580745024,0.30274664349244873
FedProx C1 e64 iid (Mac2),secondo Mac,FedProx,1.0,64.0,789,7,1.0,5.530944390557254,0.18936041336361373,0.0,1.2475204565497708,0.007187359999744758,0.19402585757818555
FedProx C1 e64 iid (Mac2),secondo Mac,FedProx,1.0,64.0,789,8,1.0,6.530944390557254,0.2057649622741917,0.0,1.2475204565497708,0.01980303365720518,0.20358231291712484
FedProx C1 e64 iid (Mac2),secondo Mac,FedProx,1.0,64.0,789,9,1.0,7.530944390557254,0.22502319432051537,0.0,1.2475204565497708,0.011059829741440985,0.2199662366311799
FedProx C1 e64 iid (Mac2),secondo Mac,FedProx,1.0,64.0,789,10,1.0,8.530944390557254,0.2497903588346847,0.0,1.2475204565497708,0.008209990497814306,0.25132214361987326
FedProx C1 e64 iid (Mac2),secondo Mac,FedProx,1.0,64.0,1234,1,0.12917121656216343,0.12917121656216343,1.0,1.0,1.2474933903678174,0.17513158640354584,7.282417235127956
FedProx C1 e64 iid (Mac2),secondo Mac,FedProx,1.0,64.0,1234,2,0.5316791691589352,0.6608503857210987,1.0,1.0,1.2474933903678174,0.07851501713014589,1.8832169290536491
FedProx C1 e64 iid (Mac2),secondo Mac,FedProx,1.0,64.0,1234,3,0.9211262198701243,1.581976605591223,1.0,1.0,1.2474933903678174,0.018552261229979623,1.0852020762030916
FedProx C1 e64 iid (Mac2),secondo Mac,FedProx,1.0,64.0,1234,4,1.0,2.581976605591223,0.3204500664995651,0.0,1.2474933903678174,0.036917473882371,0.3234408477801969
FedProx C1 e64 iid (Mac2),secondo Mac,FedProx,1.0,64.0,1234,5,1.0,3.581976605591223,0.2579268666423682,0.0,1.2474933903678174,0.011932326915815871,0.2592029137074907
FedProx C1 e64 iid (Mac2),secondo Mac,FedProx,1.0,64.0,1234,6,1.0,4.5819766055912226,0.23567581670942617,0.0,1.2474933903678174,0.011810917150060447,0.23190981398036742
FedProx C1 e64 iid (Mac2),secondo Mac,FedProx,1.0,64.0,1234,7,1.0,5.5819766055912226,0.17996327076179883,0.0,1.2474933903678174,0.007872362108637326,0.176255959086266
FedProx C1 e64 iid (Mac2),secondo Mac,FedProx,1.0,64.0,1234,8,1.0,6.5819766055912226,0.24400832657550406,0.0,1.2474933903678174,0.006774777972000842,0.24208287789964195
FedProx C1 e64 iid (Mac2),secondo Mac,FedProx,1.0,64.0,1234,9,1.0,7.5819766055912226,0.23647575738630539,0.0,1.2474933903678174,0.017433335629673714,0.2400412469491365
FedProx C1 e64 iid (Mac2),secondo Mac,FedProx,1.0,64.0,1234,10,1.0,8.581976605591223,0.23884802719396261,0.0,1.2474933903678174,0.004303105727161929,0.2356903733425248
FedProx C0.25 e16,Mac princ.,FedProx,0.25,16.0,42,1,0.02954876171672698,0.02954876171672698,0.25,1.0,1.2472911714839692,0.1489703559303363,8.468943735105086
FedProx C0.25 e16,Mac princ.,FedProx,0.25,16.0,42,2,0.1264061376746019,0.1559548993913289,0.25,1.0,1.2472911714839692,0.12644483182275795,1.962842852534742
FedProx C0.25 e16,Mac princ.,FedProx,0.25,16.0,42,3,0.14038167384937805,0.29633657324070695,0.25,1.0,1.2472911714839692,0.10586141327492776,1.7294686331572022
FedProx C0.25 e16,Mac princ.,FedProx,0.25,16.0,42,4,0.15764346194287346,0.45398003518358043,0.25,1.0,1.2472911714839692,0.11163868799745336,1.536311667687576
FedProx C0.25 e16,Mac princ.,FedProx,0.25,16.0,42,5,0.18025976960982856,0.634239804793409,0.25,1.0,1.2472911714839692,0.0686940430200552,1.338851003575753
FedProx C0.25 e16,Mac princ.,FedProx,0.25,16.0,42,6,0.2089358696394758,0.8431756744328849,0.25,1.0,1.2472911714839692,0.04757826891206001,1.172009463320552
FedProx C0.25 e16,Mac princ.,FedProx,0.25,16.0,42,7,0.27091149167124745,1.1140871661041323,0.25,1.0,1.2472911714839692,0.04515564755272009,0.9366320888068883
FedProx C0.25 e16,Mac princ.,FedProx,0.25,16.0,42,8,0.30821458572304716,1.4223017518271794,0.25,1.0,1.2472911714839692,0.01339676180859029,0.8500130657936783
FedProx C0.25 e16,Mac princ.,FedProx,0.25,16.0,42,9,0.4066096283841504,1.8289113802113297,0.25,1.0,1.2472911714839692,0.017930467480432807,0.6620048038843563
FedProx C0.25 e16,Mac princ.,FedProx,0.25,16.0,42,10,0.5281516736167771,2.3570630538281065,0.25,1.0,1.2472911714839692,0.018933928703944673,0.517381820018031
FedProx C0.25 e16,Mac princ.,FedProx,0.25,16.0,123,1,0.0334324571253485,0.0334324571253485,0.25,1.0,1.2470236244754866,0.16165988923307392,7.575401934922752
FedProx C0.25 e16,Mac princ.,FedProx,0.25,16.0,123,2,0.12613786231669746,0.15957031944204597,0.25,1.0,1.2470236244754866,0.14953986243366132,1.9312101770972356
FedProx C0.25 e16,Mac princ.,FedProx,0.25,16.0,123,3,0.13750830612634807,0.29707862556839404,0.25,1.0,1.2470236244754866,0.13333292612555386,1.763064099195384
FedProx C0.25 e16,Mac princ.,FedProx,0.25,16.0,123,4,0.15283266228558406,0.4499112878539781,0.25,1.0,1.2470236244754866,0.12512560578134743,1.5989001955562137
FedProx C0.25 e16,Mac princ.,FedProx,0.25,16.0,123,5,0.1778478005576458,0.6277590884116239,0.25,1.0,1.2470236244754866,0.08094188715571014,1.3833221837446992
FedProx C0.25 e16,Mac princ.,FedProx,0.25,16.0,123,6,0.210244270088215,0.8380033584998389,0.25,1.0,1.2470236244754866,0.07931989004911846,1.169641491062339
FedProx C0.25 e16,Mac princ.,FedProx,0.25,16.0,123,7,0.2606743990481251,1.098677757547964,0.25,1.0,1.2470236244754866,0.050181273785200944,0.9945472093562363
FedProx C0.25 e16,Mac princ.,FedProx,0.25,16.0,123,8,0.3143334915834402,1.4130112491314042,0.25,1.0,1.2470236244754866,0.0210502203010882,0.8315359959110923
FedProx C0.25 e16,Mac princ.,FedProx,0.25,16.0,123,9,0.3689093258911673,1.7819205750225715,0.25,1.0,1.2470236244754866,0.04428008567609682,0.7142447386740541
FedProx C0.25 e16,Mac princ.,FedProx,0.25,16.0,123,10,0.4802541974136595,2.262174772436231,0.25,1.0,1.2470236244754866,0.014957490049537172,0.5407115629790463
FedProx C0.25 e16,Mac princ.,FedProx,0.25,16.0,456,1,0.0305482391485321,0.0305482391485321,0.25,1.0,1.2478444532044894,0.16816172949153962,8.257648751035644
FedProx C0.25 e16,Mac princ.,FedProx,0.25,16.0,456,2,0.12775187822759365,0.15830011737612576,0.25,1.0,1.2478444532044894,0.1471265669726994,1.8740752496761286
FedProx C0.25 e16,Mac princ.,FedProx,0.25,16.0,456,3,0.14310020283671115,0.3014003202128369,0.25,1.0,1.2478444532044894,0.11336091240260865,1.71659167081021
FedProx C0.25 e16,Mac princ.,FedProx,0.25,16.0,456,4,0.15964399329829712,0.46104431351113406,0.25,1.0,1.2478444532044894,0.1407546944860968,1.5565035815677606
FedProx C0.25 e16,Mac princ.,FedProx,0.25,16.0,456,5,0.1833989667533694,0.6444432802645035,0.25,1.0,1.2478444532044894,0.03070216230061818,1.3392520918226831
FedProx C0.25 e16,Mac princ.,FedProx,0.25,16.0,456,6,0.2179696126659407,0.8624128929304442,0.25,1.0,1.2478444532044894,0.04743191631014446,1.1321468261937455
FedProx C0.25 e16,Mac princ.,FedProx,0.25,16.0,456,7,0.25850942032389695,1.120922313254341,0.25,1.0,1.2478444532044894,0.043656957519619614,0.9574356427121928
FedProx C0.25 e16,Mac princ.,FedProx,0.25,16.0,456,8,0.3044095501677886,1.4253318634221297,0.25,1.0,1.2478444532044894,0.046913983520821996,0.8407784348599253
FedProx C0.25 e16,Mac princ.,FedProx,0.25,16.0,456,9,0.38306018044612794,1.8083920438682577,0.25,1.0,1.2478444532044894,0.02072080756492038,0.6894517225793042
FedProx C0.25 e16,Mac princ.,FedProx,0.25,16.0,456,10,0.4126565154599078,2.2210485593281657,0.25,1.0,1.2478444532044894,0.00995201285728423,0.6278308844134811
FedProx C0.25 e16,Mac princ.,FedProx,0.25,16.0,789,1,0.029899230339975498,0.029899230339975498,0.25,1.0,1.2475204565497708,0.16740427146065692,8.091985642456534
FedProx C0.25 e16,Mac princ.,FedProx,0.25,16.0,789,2,0.1291664769527976,0.15906570729277308,0.25,1.0,1.2475204565497708,0.16131707043391533,1.8882768192188717
FedProx C0.25 e16,Mac princ.,FedProx,0.25,16.0,789,3,0.14997802314678865,0.30904373043956174,0.25,1.0,1.2475204565497708,0.15593920662392743,1.6422370299065234
FedProx C0.25 e16,Mac princ.,FedProx,0.25,16.0,789,4,0.16582577514396749,0.47486950558352925,0.25,1.0,1.2475204565497708,0.1402097013399629,1.4416771036115534
FedProx C0.25 e16,Mac princ.,FedProx,0.25,16.0,789,5,0.1793653658628846,0.6542348714464139,0.25,1.0,1.2475204565497708,0.12021844593912334,1.34865555141518
FedProx C0.25 e16,Mac princ.,FedProx,0.25,16.0,789,6,0.1985517007805559,0.8527865722269699,0.25,1.0,1.2475204565497708,0.08817355606875538,1.2239512055381199
FedProx C0.25 e16,Mac princ.,FedProx,0.25,16.0,789,7,0.22773970679812022,1.08052627902509,0.25,1.0,1.2475204565497708,0.031553319252428984,1.074145786865081
FedProx C0.25 e16,Mac princ.,FedProx,0.25,16.0,789,8,0.2591188728185549,1.339645151843645,0.25,1.0,1.2475204565497708,0.0385651712783685,0.9679394576677425
FedProx C0.25 e16,Mac princ.,FedProx,0.25,16.0,789,9,0.3216292931330695,1.6612744449767145,0.25,1.0,1.2475204565497708,0.03512617172944861,0.794804992497947
FedProx C0.25 e16,Mac princ.,FedProx,0.25,16.0,789,10,0.3837238853417234,2.044998330318438,0.25,1.0,1.2475204565497708,0.011573592420461644,0.6820403104869706
FedProx C0.25 e16,Mac princ.,FedProx,0.25,16.0,1234,1,0.029352992359919682,0.029352992359919682,0.25,1.0,1.2474933903678174,0.18735769354373738,8.08835108162212
FedProx C0.25 e16,Mac princ.,FedProx,0.25,16.0,1234,2,0.12340840931547117,0.15276140167539085,0.25,1.0,1.2474933903678174,0.18906964091407497,1.9664412902477215
FedProx C0.25 e16,Mac princ.,FedProx,0.25,16.0,1234,3,0.13660412147304327,0.2893655231484341,0.25,1.0,1.2474933903678174,0.18621585608301497,1.7788472955943837
FedProx C0.25 e16,Mac princ.,FedProx,0.25,16.0,1234,4,0.15686693081916697,0.4462324539676011,0.25,1.0,1.2474933903678174,0.1578153260747398,1.5797428559669064
FedProx C0.25 e16,Mac princ.,FedProx,0.25,16.0,1234,5,0.18657952252698864,0.6328119764945898,0.25,1.0,1.2474933903678174,0.1307481642859116,1.3476623829139525
FedProx C0.25 e16,Mac princ.,FedProx,0.25,16.0,1234,6,0.21467506639540582,0.8474870428899955,0.25,1.0,1.2474933903678174,0.06820340656994309,1.1825031232737082
FedProx C0.25 e16,Mac princ.,FedProx,0.25,16.0,1234,7,0.26539077426414254,1.112877817154138,0.25,1.0,1.2474933903678174,0.058782111222765776,0.9942733153008603
FedProx C0.25 e16,Mac princ.,FedProx,0.25,16.0,1234,8,0.31773754629524853,1.4306153634493866,0.25,1.0,1.2474933903678174,0.04473281618526882,0.842875700895674
FedProx C0.25 e16,Mac princ.,FedProx,0.25,16.0,1234,9,0.380024733235895,1.8106400966852816,0.25,1.0,1.2474933903678174,0.026150252505776506,0.7130199120086057
FedProx C0.25 e16,Mac princ.,FedProx,0.25,16.0,1234,10,0.4136835720514519,2.2243236687367336,0.25,1.0,1.2474933903678174,0.017589069038772897,0.6564013666155603
FedProx C0.25 e64,Mac princ.,FedProx,0.25,64.0,42,1,0.02954876171672698,0.02954876171672698,0.25,1.0,0.3118227928709923,0.15295820304653343,8.468943735105086
FedProx C0.25 e64,Mac princ.,FedProx,0.25,64.0,42,2,0.12397094078642827,0.15351970250315525,0.25,1.0,0.3118227928709923,0.14486197778053445,2.0379073585509464
FedProx C0.25 e64,Mac princ.,FedProx,0.25,64.0,42,3,0.13620343968326573,0.289723142186421,0.25,1.0,0.3118227928709923,0.13564659099776571,1.769451348617824
FedProx C0.25 e64,Mac princ.,FedProx,0.25,64.0,42,4,0.15015167649195346,0.4398748186783744,0.25,1.0,0.3118227928709923,0.12454255669750679,1.5966030067623012
FedProx C0.25 e64,Mac princ.,FedProx,0.25,64.0,42,5,0.16951547081613097,0.6093902894945054,0.25,1.0,0.3118227928709923,0.08351120995282948,1.4160700234451806
FedProx C0.25 e64,Mac princ.,FedProx,0.25,64.0,42,6,0.1954236450446467,0.8048139345391521,0.25,1.0,0.3118227928709923,0.06966365340789724,1.2297290803118177
FedProx C0.25 e64,Mac princ.,FedProx,0.25,64.0,42,7,0.23987705202105683,1.044690986560209,0.25,1.0,0.3118227928709923,0.06447990917750968,0.9915261887206657
FedProx C0.25 e64,Mac princ.,FedProx,0.25,64.0,42,8,0.2885075456821796,1.3331985322423887,0.25,1.0,0.3118227928709923,0.03411021486191631,0.8367859086867981
FedProx C0.25 e64,Mac princ.,FedProx,0.25,64.0,42,9,0.3682120563351942,1.701410588577583,0.25,1.0,0.3118227928709923,0.015126545975995937,0.6750788180867916
FedProx C0.25 e64,Mac princ.,FedProx,0.25,64.0,42,10,0.5012173831882706,2.2026279717658537,0.25,1.0,0.3118227928709923,0.016177040044636257,0.5475807106447992
FedProx C0.25 e256,Mac princ.,FedProx,0.25,256.0,42,1,0.02954876171672698,0.02954876171672698,0.25,1.0,0.07795569821774807,0.15394678245022372,8.468943735105086
FedProx C0.25 e256,Mac princ.,FedProx,0.25,256.0,42,2,0.12349087312113424,0.15303963483786123,0.25,1.0,0.07795569821774807,0.14826937083537134,2.0624873415844616
FedProx C0.25 e256,Mac princ.,FedProx,0.25,256.0,42,3,0.13876073110673878,0.2918003659446,0.25,1.0,0.07795569821774807,0.13877777987689768,1.7879406523045482
FedProx C0.25 e256,Mac princ.,FedProx,0.25,256.0,42,4,0.15892273698064027,0.4507231029252403,0.25,1.0,0.07795569821774807,0.12357440733917648,1.5715933777620357
FedProx C0.25 e256,Mac princ.,FedProx,0.25,256.0,42,5,0.18266309657015903,0.6333861994953993,0.25,1.0,0.07795569821774807,0.09717704543167796,1.3643641607486914
FedProx C0.25 e256,Mac princ.,FedProx,0.25,256.0,42,6,0.20928556347560165,0.842671762971001,0.25,1.0,0.07795569821774807,0.07301782089514701,1.1778268222815524
FedProx C0.25 e256,Mac princ.,FedProx,0.25,256.0,42,7,0.23418087226401713,1.076852635235018,0.25,1.0,0.07795569821774807,0.04955660949275428,1.0098086815060765
FedProx C0.25 e256,Mac princ.,FedProx,0.25,256.0,42,8,0.2737970740135125,1.3506497092485306,0.25,1.0,0.07795569821774807,0.030008330582156312,0.8652861931889224
FedProx C0.25 e256,Mac princ.,FedProx,0.25,256.0,42,9,0.33321862322326595,1.6838683324717965,0.25,1.0,0.07795569821774807,0.020096043784042634,0.7061370507951272
FedProx C0.25 e256,Mac princ.,FedProx,0.25,256.0,42,10,0.4300773915463689,2.1139457240181656,0.25,1.0,0.07795569821774807,0.011009042947953393,0.5795649869207883
FedProx C0.5 e16,Mac princ.,FedProx,0.5,16.0,42,1,0.05909752343345396,0.05909752343345396,0.5,1.0,2.4945823429679383,0.14127682831733335,8.468943735105086
FedProx C0.5 e16,Mac princ.,FedProx,0.5,16.0,42,2,0.26182754888813714,0.3209250723215911,0.5,1.0,2.4945823429679383,0.0602601000306681,1.8530377842557026
FedProx C0.5 e16,Mac princ.,FedProx,0.5,16.0,42,3,0.40533695409808235,0.7262620264196735,0.5,1.0,2.4945823429679383,0.0469774145882582,1.2276821848977049
FedProx C0.5 e16,Mac princ.,FedProx,0.5,16.0,42,4,0.5072037941728268,1.2334658205925004,0.5,1.0,2.4945823429679383,0.04327065715383963,1.0032041149313802
FedProx C0.5 e16,Mac princ.,FedProx,0.5,16.0,42,5,0.783127107821546,2.0165929284140462,0.5,1.0,2.4945823429679383,0.012712545324849821,0.642058570568782
FedProx C0.5 e16,Mac princ.,FedProx,0.5,16.0,42,6,0.9958444998997247,3.012437428313771,0.3872173473466351,0.025126475548060707,2.4945823429679383,0.02547811613949916,0.40133109407981565
FedProx C0.5 e16,Mac princ.,FedProx,0.5,16.0,42,7,0.9949458522239861,4.007383280537757,0.43640319394313,0.025126475548060707,2.4945823429679383,0.03894513786750092,0.4979375727041738
FedProx C0.5 e16,Mac princ.,FedProx,0.5,16.0,42,8,0.9854899035893452,4.992873184127102,0.49428766622695414,0.4973018549747049,2.4945823429679383,0.025476779803739226,0.5059120753068131
FedProx C0.5 e16,Mac princ.,FedProx,0.5,16.0,42,9,0.9947713427334512,5.987644526860554,0.3736597012968375,0.025126475548060707,2.4945823429679383,0.05308023854762489,0.38941106822170674
FedProx C0.5 e16,Mac princ.,FedProx,0.5,16.0,42,10,0.9929566078005135,6.980601134661067,0.3927285920999704,0.025126475548060707,2.4945823429679383,0.013964674692005767,0.40443667698703467
FedProx C0.5 e64,Mac princ.,FedProx,0.5,64.0,42,1,0.05909752343345396,0.05909752343345396,0.5,1.0,0.6236455857419846,0.14936164534176602,8.468943735105086
FedProx C0.5 e64,Mac princ.,FedProx,0.5,64.0,42,2,0.25288830205163443,0.3119858254850884,0.5,1.0,0.6236455857419846,0.11832384298335198,1.9692746454231747
FedProx C0.5 e64,Mac princ.,FedProx,0.5,64.0,42,3,0.32757053573940514,0.6395563612244936,0.5,1.0,0.6236455857419846,0.06843008572420112,1.4546872775215967
FedProx C0.5 e64,Mac princ.,FedProx,0.5,64.0,42,4,0.4118016744104938,1.0513580356349874,0.5,1.0,0.6236455857419846,0.05560498522942307,1.1594870447997856
FedProx C0.5 e64,Mac princ.,FedProx,0.5,64.0,42,5,0.5854898514962169,1.6368478871312044,0.5,1.0,0.6236455857419846,0.010004029827767017,0.8036347814896273
FedProx C0.5 e64,Mac princ.,FedProx,0.5,64.0,42,6,0.9551419359493994,2.591989823080604,0.47955727789959157,0.4973018549747049,0.6236455857419846,0.00686171350834684,0.5124065367107667
FedProx C0.5 e64,Mac princ.,FedProx,0.5,64.0,42,7,1.0,3.591989823080604,0.26632486145299544,0.0,0.6236455857419846,0.006434351986223109,0.26946336173465274
FedProx C0.5 e64,Mac princ.,FedProx,0.5,64.0,42,8,1.0,4.591989823080604,0.22577421424101993,0.0,0.6236455857419846,0.007702234467292448,0.23875070483980565
FedProx C0.5 e64,Mac princ.,FedProx,0.5,64.0,42,9,1.0,5.591989823080604,0.18478600133487902,0.0,0.6236455857419846,0.006169615029466554,0.1942282326855711
FedProx C0.5 e64,Mac princ.,FedProx,0.5,64.0,42,10,1.0,6.591989823080604,0.1877091083820374,0.0,0.6236455857419846,0.008353539093613818,0.1966971898727209
FedProx C0.5 e256,Mac princ.,FedProx,0.5,256.0,42,1,0.05909752343345396,0.05909752343345396,0.5,1.0,0.15591139643549615,0.15136478845353096,8.468943735105086
FedProx C0.5 e256,Mac princ.,FedProx,0.5,256.0,42,2,0.25038632987429926,0.30948385330775324,0.5,1.0,0.15591139643549615,0.13245867975578265,2.000027104138355
FedProx C0.5 e256,Mac princ.,FedProx,0.5,256.0,42,3,0.3234248338751815,0.6329086871829348,0.5,1.0,0.15591139643549615,0.09657404416958351,1.5375463340810445
FedProx C0.5 e256,Mac princ.,FedProx,0.5,256.0,42,4,0.44967093466580105,1.0825796218487358,0.5,1.0,0.15591139643549615,0.04885725827429357,1.1091231318917796
FedProx C0.5 e256,Mac princ.,FedProx,0.5,256.0,42,5,0.6741935602300855,1.7567731820788213,0.5,1.0,0.15591139643549615,0.008928997192829706,0.7323024526464597
FedProx C0.5 e256,Mac princ.,FedProx,0.5,256.0,42,6,1.0,2.7567731820788213,0.45064399697956564,0.0,0.15591139643549615,0.006670749313546674,0.4513999000956682
FedProx C0.5 e256,Mac princ.,FedProx,0.5,256.0,42,7,1.0,3.7567731820788213,0.2896685146627758,0.0,0.15591139643549615,0.005720317201691228,0.3061480201049909
FedProx C0.5 e256,Mac princ.,FedProx,0.5,256.0,42,8,1.0,4.756773182078821,0.24093126940100595,0.0,0.15591139643549615,0.00520886751319711,0.24205620736142014
FedProx C0.5 e256,Mac princ.,FedProx,0.5,256.0,42,9,1.0,5.756773182078821,0.272569903756972,0.0,0.15591139643549615,0.004845396236819956,0.27172122096090323
FedProx C0.5 e256,Mac princ.,FedProx,0.5,256.0,42,10,0.9965556992398922,6.753328881318714,0.33730619303249665,0.025126475548060707,0.15591139643549615,0.0040608261734290454,0.37098981553060184
FedProx C1 e32,Mac princ.,FedProx,1.0,32.0,42,1,0.11819504686690792,0.11819504686690792,1.0,1.0,2.4945823429679383,0.13637395699967833,8.468943735105086
FedProx C1 e32,Mac princ.,FedProx,1.0,32.0,42,2,0.5414823355123791,0.6596773823792871,1.0,1.0,2.4945823429679383,0.018024061487956648,1.7906456035443663
FedProx C1 e32,Mac princ.,FedProx,1.0,32.0,42,3,1.0,1.6596773823792872,0.8718706297649904,0.0,2.4945823429679383,0.020114223518298523,0.915721978455388
FedProx C1 e32,Mac princ.,FedProx,1.0,32.0,42,4,1.0,2.659677382379287,0.5909282783475767,0.0,2.4945823429679383,0.04326699557696714,0.5977790018166413
FedProx C1 e32,Mac princ.,FedProx,1.0,32.0,42,5,1.0,3.659677382379287,0.4331421484780426,0.0,2.4945823429679383,0.009216456423697453,0.43033805116076607
FedProx C1 e32,Mac princ.,FedProx,1.0,32.0,42,6,1.0,4.659677382379288,0.29432393268582396,0.0,2.4945823429679383,0.03826024512222977,0.3208862193116554
FedProx C1 e32,Mac princ.,FedProx,1.0,32.0,42,7,1.0,5.659677382379288,0.40199609341887266,0.0,2.4945823429679383,0.016803320778802644,0.4530148036307571
FedProx C1 e32,Mac princ.,FedProx,1.0,32.0,42,8,1.0,6.659677382379288,0.39722652570148254,0.0,2.4945823429679383,0.023354800966791617,0.3940261827158663
FedProx C1 e32,Mac princ.,FedProx,1.0,32.0,42,9,1.0,7.659677382379288,0.4890279518810081,0.0,2.4945823429679383,0.017452610492458245,0.5065906194345481
FedProx C1 e32,Mac princ.,FedProx,1.0,32.0,42,10,1.0,8.659677382379288,0.4307652805371504,0.0,2.4945823429679383,0.011507069790440997,0.4395202159606462
FedProx C1 e64 (op),Mac princ.,FedProx,1.0,64.0,42,1,0.11819504686690792,0.11819504686690792,1.0,1.0,1.2472911714839692,0.1418994213627177,8.468943735105086
FedProx C1 e64 (op),Mac princ.,FedProx,1.0,64.0,42,2,0.526288391397562,0.64448343826447,1.0,1.0,1.2472911714839692,0.04307738456123774,1.8401630986449184
FedProx C1 e64 (op),Mac princ.,FedProx,1.0,64.0,42,3,0.9597008971158655,1.6041843353803356,0.9881689238883099,0.47217537942664417,1.2472911714839692,0.022708964642209888,0.9804425662658697
FedProx C1 e64 (op),Mac princ.,FedProx,1.0,64.0,42,4,1.0,2.6041843353803356,0.45127172407202343,0.0,1.2472911714839692,0.014080697265577006,0.4649162560536484
FedProx C1 e64 (op),Mac princ.,FedProx,1.0,64.0,42,5,1.0,3.6041843353803356,0.31167382471327554,0.0,1.2472911714839692,0.011454032225200368,0.3167622320576507
FedProx C1 e64 (op),Mac princ.,FedProx,1.0,64.0,42,6,1.0,4.604184335380335,0.2249485852202018,0.0,1.2472911714839692,0.010708995334086804,0.2441431556612087
FedProx C1 e64 (op),Mac princ.,FedProx,1.0,64.0,42,7,1.0,5.604184335380335,0.2783994872384164,0.0,1.2472911714839692,0.008354391010417083,0.27633630999465775
FedProx C1 e64 (op),Mac princ.,FedProx,1.0,64.0,42,8,1.0,6.604184335380335,0.2783747856422673,0.0,1.2472911714839692,0.010015760424471228,0.29074202164780655
FedProx C1 e64 (op),Mac princ.,FedProx,1.0,64.0,42,9,1.0,7.604184335380335,0.2348172159099751,0.0,1.2472911714839692,0.009242642023851357,0.24703184956308852
FedProx C1 e64 (op),Mac princ.,FedProx,1.0,64.0,42,10,1.0,8.604184335380335,0.22947462848513794,0.0,1.2472911714839692,0.004088274122223318,0.24079658765863338
FedProx C1 e256,Mac princ.,FedProx,1.0,256.0,42,1,0.11819504686690792,0.11819504686690792,1.0,1.0,0.3118227928709923,0.14597645543701626,8.468943735105086
FedProx C1 e256,Mac princ.,FedProx,1.0,256.0,42,2,0.49918399303099825,0.6173790398979062,1.0,1.0,0.3118227928709923,0.0795474786495377,1.946568774293648
FedProx C1 e256,Mac princ.,FedProx,1.0,256.0,42,3,0.8767444277388259,1.494123467636732,1.0,1.0,0.3118227928709923,0.00888071512597582,1.0889464417930514
FedProx C1 e256,Mac princ.,FedProx,1.0,256.0,42,4,1.0,2.494123467636732,0.4071687323777957,0.0,0.3118227928709923,0.0042172062328344915,0.44594705450907857
FedProx C1 e256,Mac princ.,FedProx,1.0,256.0,42,5,1.0,3.494123467636732,0.23123141864028934,0.0,0.3118227928709923,0.012212972692192795,0.2361951651158003
FedProx C1 e256,Mac princ.,FedProx,1.0,256.0,42,6,1.0,4.494123467636732,0.19200537797642706,0.0,0.3118227928709923,0.004370944268790868,0.2031243750043899
FedProx C1 e256,Mac princ.,FedProx,1.0,256.0,42,7,1.0,5.494123467636732,0.17969494607069328,0.0,0.3118227928709923,0.004288877224673426,0.18025787918402272
FedProx C1 e256,Mac princ.,FedProx,1.0,256.0,42,8,1.0,6.494123467636732,0.1651578045908441,0.0,0.3118227928709923,0.004131581192380019,0.16742007384591742
FedProx C1 e256,Mac princ.,FedProx,1.0,256.0,42,9,1.0,7.494123467636732,0.15154547795443343,0.0,0.3118227928709923,0.0035969371649767056,0.1548647520653463
FedProx C1 e256,Mac princ.,FedProx,1.0,256.0,42,10,1.0,8.494123467636733,0.14859198130916323,0.0,0.3118227928709923,0.004576726808876131,0.14626869526362982
FedAvg C2 e64,Mac princ.,FedAvg,2.0,64.0,42,1,0.23639009373381584,0.23639009373381584,2.0,1.0,2.4945823429679383,0.12606617437990666,8.468943735105086
FedAvg C2 e64,Mac princ.,FedAvg,2.0,64.0,42,2,0.23516096793161817,0.47155106166543403,2.0,1.0,2.4945823429679383,0.0514788537524305,8.621642875807582
FedAvg C2 e64,Mac princ.,FedAvg,2.0,64.0,42,3,0.2796212015752705,0.7511722632407045,2.0,1.0,2.4945823429679383,0.04753538554430037,7.253569525426814
FedAvg C2 e64,Mac princ.,FedAvg,2.0,64.0,42,4,0.24349797810708154,0.994670241347786,2.0,1.0,2.4945823429679383,0.04462033424418684,7.02278984019119
FedAvg C2 e64,Mac princ.,FedAvg,2.0,64.0,42,5,0.2885150813832,1.283185322730986,2.0,1.0,2.4945823429679383,0.017619051886390555,6.32819318266109
FedAvg C2 e64,Mac princ.,FedAvg,2.0,64.0,42,6,0.2776471926037961,1.560832515334782,2.0,1.0,2.4945823429679383,0.03130827268794902,6.6845838836495615
FedAvg C2 e64,Mac princ.,FedAvg,2.0,64.0,42,7,0.2710016697506799,1.8318341850854618,2.0,1.0,2.4945823429679383,0.010335637678927166,6.6011329428757
FedAvg C2 e64,Mac princ.,FedAvg,2.0,64.0,42,8,0.2708456313703357,2.1026798164557974,2.0,1.0,2.4945823429679383,0.008100107097318227,6.810422838580577
FedAvg C2 e64,Mac princ.,FedAvg,2.0,64.0,42,9,0.25872654038724424,2.3614063568430415,2.0,1.0,2.4945823429679383,0.013959268193725278,7.52575608503475
FedAvg C2 e64,Mac princ.,FedAvg,2.0,64.0,42,10,0.31790148730827833,2.6793078441513196,2.0,1.0,2.4945823429679383,0.013075204264730793,6.182511746455856
FedAvg C4 e64,Mac princ.,FedAvg,4.0,64.0,42,1,0.4727801874676317,0.4727801874676317,4.0,1.0,4.989164685935877,0.10234220976497578,8.468943735105086
FedAvg C4 e64,Mac princ.,FedAvg,4.0,64.0,42,2,0.47957156871177187,0.9523517561794035,3.999224489709208,0.9748735244519393,4.989164685935877,0.02720364641709685,8.559295163708121
FedAvg C4 e64,Mac princ.,FedAvg,4.0,64.0,42,3,0.42437670971032837,1.3767284658897319,3.9820404044943687,0.9748735244519393,4.989164685935877,0.061244530633442595,8.65602908060788
FedAvg C4 e64,Mac princ.,FedAvg,4.0,64.0,42,4,0.3948603591678924,1.7715888250576244,3.9718981261942066,0.9748735244519393,4.989164685935877,0.047068483619876374,9.388921743878162
FedAvg C4 e64,Mac princ.,FedAvg,4.0,64.0,42,5,0.3943267390958852,2.1659155641535097,3.9695920776932434,0.9748735244519393,4.989164685935877,0.05808470059772013,9.411018899521737
FedAvg C4 e64,Mac princ.,FedAvg,4.0,64.0,42,6,0.37019286348944597,2.5361084276429557,3.9648844767769282,0.9748735244519393,4.989164685935877,0.06137325359025375,10.789032701941586
FedAvg C4 e64,Mac princ.,FedAvg,4.0,64.0,42,7,0.4395578537887163,2.975666281431672,3.983641205871268,0.9748735244519393,4.989164685935877,0.13420335898184352,8.40786593644527
FedAvg C4 e64,Mac princ.,FedAvg,4.0,64.0,42,8,0.4084374697151045,3.3841037511467764,3.984788550102452,0.9748735244519393,4.989164685935877,0.03673556920768279,9.915586689269032
FedAvg C4 e64,Mac princ.,FedAvg,4.0,64.0,42,9,0.37509856658575375,3.75920231773253,3.98034275106058,0.9748735244519393,4.989164685935877,0.03156512547990116,10.542611327224531
FedAvg C4 e64,Mac princ.,FedAvg,4.0,64.0,42,10,0.4183692471020299,4.17757156483456,3.9912214636320784,0.9748735244519393,4.989164685935877,0.04887565001091404,9.752778265518264
FedAvg C8 e64,Mac princ.,FedAvg,8.0,64.0,42,1,0.9273345605334145,0.9273345605334145,7.915492264802495,0.9748735244519393,9.978329371871753,0.15020682771192456,8.468943735105086
FedAvg C8 e64,Mac princ.,FedAvg,8.0,64.0,42,2,0.799671006220968,1.7270055667543824,7.885915790739951,0.9748735244519393,9.978329371871753,0.06168412477319907,10.029726584790644
FedAvg C8 e64,Mac princ.,FedAvg,8.0,64.0,42,3,0.6878550959657397,2.4148606627201223,7.8373491117151595,0.9748735244519393,9.978329371871753,0.5534818956454922,11.740304541474552
FedAvg C8 e64,Mac princ.,FedAvg,8.0,64.0,42,4,0.6042333924400246,3.019094055160147,7.885404271404041,0.9748735244519393,9.978329371871753,0.3399945682298998,12.502490344459382
FedAvg C8 e64,Mac princ.,FedAvg,8.0,64.0,42,5,0.6297077469967327,3.6488018021568798,7.883848248318002,0.9748735244519393,9.978329371871753,0.14534151707339998,12.091103806428173
FedAvg C8 e64,Mac princ.,FedAvg,8.0,64.0,42,6,0.6179041238912127,4.266705926048092,7.884489466622553,0.9748735244519393,9.978329371871753,0.21820855750237114,12.941797690865656
FedAvg C8 e64,Mac princ.,FedAvg,8.0,64.0,42,7,0.6098429556916423,4.876548881739735,7.875372993354409,0.9748735244519393,9.978329371871753,0.3457249588407266,12.3086666316639
FedAvg C8 e64,Mac princ.,FedAvg,8.0,64.0,42,8,0.5592576245267965,5.435806506266531,7.882778197585538,0.9748735244519393,9.978329371871753,0.23111341905510785,14.568318361576525
FedAvg C8 e64,Mac princ.,FedAvg,8.0,64.0,42,9,0.5734102590761907,6.009216765342722,7.873716537266574,0.9748735244519393,9.978329371871753,0.06298555499529215,13.299894968996957
FedAvg C8 e64,Mac princ.,FedAvg,8.0,64.0,42,10,0.5779575720189959,6.587174337361718,7.889411977383932,0.9748735244519393,9.978329371871753,0.24306345795178838,13.345855319064295
FedProx C1 e16,Mac princ.,FedProx,1.0,16.0,42,1,0.11819504686690792,0.11819504686690792,1.0,1.0,4.989164685935877,0.13142046192231666,8.468943735105086
FedProx C1 e16,Mac princ.,FedProx,1.0,16.0,42,2,0.6342129819963718,0.7524080288632797,1.0,1.0,4.989164685935877,0.04153116196444222,1.5409417772313152
FedProx C1 e16,Mac princ.,FedProx,1.0,16.0,42,3,1.0,1.7524080288632797,0.6755344953000525,0.0,4.989164685935877,0.21764130821659683,0.6942929894872905
FedProx C1 e16,Mac princ.,FedProx,1.0,16.0,42,4,0.9999159339040331,2.7523239627673126,0.8674426780971073,0.025126475548060707,4.989164685935877,0.08077715256987142,0.9011383313009794
FedProx C1 e16,Mac princ.,FedProx,1.0,16.0,42,5,1.0,3.7523239627673126,0.6886927740519899,0.0,4.989164685935877,0.16359895482066888,0.7867820802593621
FedProx C1 e16,Mac princ.,FedProx,1.0,16.0,42,6,1.0,4.752323962767313,0.6861220863856486,0.0,4.989164685935877,0.0657487019360886,0.6947203051652213
FedProx C1 e16,Mac princ.,FedProx,1.0,16.0,42,7,1.0,5.752323962767313,0.6221142876628416,0.0,4.989164685935877,0.27458336848000897,0.6998630840886366
FedProx C1 e16,Mac princ.,FedProx,1.0,16.0,42,8,1.0,6.752323962767313,0.8191321395802433,0.0,4.989164685935877,0.07083929946299475,0.8289027962121034
FedProx C1 e16,Mac princ.,FedProx,1.0,16.0,42,9,1.0,7.752323962767313,0.7355642300732439,0.0,4.989164685935877,0.07847896028768776,0.7693554515817405
FedProx C1 e16,Mac princ.,FedProx,1.0,16.0,42,10,1.0,8.752323962767314,0.741649056054087,0.0,4.989164685935877,0.06593281344788665,0.7836520423959551
FedProx C1 e16,Mac princ.,FedProx,1.0,16.0,123,1,0.133729828501394,0.133729828501394,1.0,1.0,4.988094497901947,0.1500503817336014,7.575401934922752
FedProx C1 e16,Mac princ.,FedProx,1.0,16.0,123,2,0.6323304675607293,0.7660602960621233,1.0,1.0,4.988094497901947,0.06062096638836311,1.5564764731906855
FedProx C1 e16,Mac princ.,FedProx,1.0,16.0,123,3,0.8482037150618261,1.6142640111239495,1.0,1.0,4.988094497901947,0.028592005418411136,1.1787156734226374
FedProx C1 e16,Mac princ.,FedProx,1.0,16.0,123,4,1.0,2.6142640111239492,0.6268495514802824,0.0,4.988094497901947,0.029321276570453688,0.6490113198059454
FedProx C1 e16,Mac princ.,FedProx,1.0,16.0,123,5,1.0,3.6142640111239492,0.5680548149372667,0.0,4.988094497901947,0.05137017221265034,0.5662900318326592
FedProx C1 e16,Mac princ.,FedProx,1.0,16.0,123,6,0.9996301660006394,4.613894177124589,0.8630382933950597,0.025295109612141653,4.988094497901947,0.06001604929121801,0.889541257265614
FedProx C1 e16,Mac princ.,FedProx,1.0,16.0,123,7,0.9988296274273725,5.612723804551962,0.7261048417412045,0.025295109612141653,4.988094497901947,0.2540726049725093,0.7994580132336786
FedProx C1 e16,Mac princ.,FedProx,1.0,16.0,123,8,0.9987461661492949,6.611469970701257,0.7533924516312562,0.025295109612141653,4.988094497901947,0.10481553574352406,0.7686922627894962
FedProx C1 e16,Mac princ.,FedProx,1.0,16.0,123,9,1.0,7.611469970701257,0.6056140447615673,0.0,4.988094497901947,0.030192799719796954,0.6186303391297118
FedProx C1 e16,Mac princ.,FedProx,1.0,16.0,123,10,1.0,8.611469970701258,0.6103216238732354,0.0,4.988094497901947,0.05105557435998062,0.6682432275030232
FedProx C1 e16,Mac princ.,FedProx,1.0,16.0,456,1,0.1221929565941284,0.1221929565941284,1.0,1.0,4.991377812817958,0.14443049205207872,8.257648751035644
FedProx C1 e16,Mac princ.,FedProx,1.0,16.0,456,2,0.6637458497955379,0.7859388063896663,1.0,1.0,4.991377812817958,0.07830678440687253,1.5291631682689704
FedProx C1 e16,Mac princ.,FedProx,1.0,16.0,456,3,1.0,1.7859388063896664,0.8662776318452742,0.0,4.991377812817958,0.14476476550423448,0.8688346231836246
FedProx C1 e16,Mac princ.,FedProx,1.0,16.0,456,4,1.0,2.7859388063896664,0.7065203884185369,0.0,4.991377812817958,0.1409466994855418,0.7328969254688514
FedProx C1 e16,Mac princ.,FedProx,1.0,16.0,456,5,1.0,3.7859388063896664,0.6101319949934474,0.0,4.991377812817958,0.09124925620680102,0.6089249101989407
FedProx C1 e16,Mac princ.,FedProx,1.0,16.0,456,6,1.0,4.785938806389666,0.5116822972554955,0.0,4.991377812817958,0.3553607952359787,0.5509194426888464
FedProx C1 e16,Mac princ.,FedProx,1.0,16.0,456,7,1.0,5.785938806389666,0.7513793866183359,0.0,4.991377812817958,0.30059973247400074,0.7553385873560375
FedProx C1 e16,Mac princ.,FedProx,1.0,16.0,456,8,1.0,6.785938806389666,0.8016392891570828,0.0,4.991377812817958,0.032746135788238345,0.8286650303372344
FedProx C1 e16,Mac princ.,FedProx,1.0,16.0,456,9,1.0,7.785938806389666,0.4760626210570932,0.0,4.991377812817958,0.03682746049775425,0.570111768877559
FedProx C1 e16,Mac princ.,FedProx,1.0,16.0,456,10,1.0,8.785938806389666,0.5260032550921478,0.0,4.991377812817958,0.10956074155262364,0.5739612153661116
FedProx C1 e16,Mac princ.,FedProx,1.0,16.0,789,1,0.11959692135990199,0.11959692135990199,1.0,1.0,4.990081826199083,0.14726832104153176,8.091985642456534
FedProx C1 e16,Mac princ.,FedProx,1.0,16.0,789,2,0.5449608664380428,0.6645577877979447,1.0,1.0,4.990081826199083,0.07661038282626301,1.8230109651840642
FedProx C1 e16,Mac princ.,FedProx,1.0,16.0,789,3,0.9988241572793938,1.6633819450773384,0.9075333256839295,0.02501405283867341,4.990081826199083,0.11151453539809247,0.9259114652322996
FedProx C1 e16,Mac princ.,FedProx,1.0,16.0,789,4,1.0,2.6633819450773384,0.8475829817450375,0.0,4.990081826199083,0.22255885371908893,0.8450147712009893
FedProx C1 e16,Mac princ.,FedProx,1.0,16.0,789,5,1.0,3.6633819450773384,0.7209474526048751,0.0,4.990081826199083,0.07982200961852468,0.7290193240877749
FedProx C1 e16,Mac princ.,FedProx,1.0,16.0,789,6,1.0,4.663381945077338,0.714325504375059,0.0,4.990081826199083,0.0425276539187467,0.7386349324066579
FedProx C1 e16,Mac princ.,FedProx,1.0,16.0,789,7,1.0,5.663381945077338,0.541998073567026,0.0,4.990081826199083,0.04735864169796102,0.5545807077222695
FedProx C1 e16,Mac princ.,FedProx,1.0,16.0,789,8,1.0,6.663381945077338,0.6752098439965876,0.0,4.990081826199083,0.21964894177871364,0.7180969131718118
FedProx C1 e16,Mac princ.,FedProx,1.0,16.0,789,9,1.0,7.663381945077338,0.7795887403573446,0.0,4.990081826199083,0.05201105096738154,0.8614299481221992
FedProx C1 e16,Mac princ.,FedProx,1.0,16.0,789,10,1.0,8.663381945077338,0.7037992866773028,0.0,4.990081826199083,0.17207264859417223,0.8577176315077667
FedProx C1 e16,Mac princ.,FedProx,1.0,16.0,1234,1,0.11741196943967873,0.11741196943967873,1.0,1.0,4.9899735614712695,0.20966156136671982,8.08835108162212
FedProx C1 e16,Mac princ.,FedProx,1.0,16.0,1234,2,0.5584459902681946,0.6758579597078733,1.0,1.0,4.9899735614712695,0.16324234301998974,1.784441474601417
FedProx C1 e16,Mac princ.,FedProx,1.0,16.0,1234,3,0.8353837361761636,1.511241695884037,1.0,1.0,4.9899735614712695,0.3958700127368619,1.212533668532625
FedProx C1 e16,Mac princ.,FedProx,1.0,16.0,1234,4,1.0,2.5112416958840367,0.595926338488196,0.0,4.9899735614712695,0.1952178850578574,0.6451734498266697
FedProx C1 e16,Mac princ.,FedProx,1.0,16.0,1234,5,1.0,3.5112416958840367,0.7828401710526895,0.0,4.9899735614712695,0.1313148938248253,0.8167448561825238
FedProx C1 e16,Mac princ.,FedProx,1.0,16.0,1234,6,1.0,4.511241695884037,0.802839178272055,0.0,4.9899735614712695,0.06221272231374004,0.8393483478242704
FedProx C1 e16,Mac princ.,FedProx,1.0,16.0,1234,7,1.0,5.511241695884037,0.6980285925046836,0.0,4.9899735614712695,0.1469035312643102,0.6944113295170748
FedProx C1 e16,Mac princ.,FedProx,1.0,16.0,1234,8,1.0,6.511241695884037,0.6494087161517721,0.0,4.9899735614712695,0.17749212455597183,0.6621380536954254
FedProx C1 e16,Mac princ.,FedProx,1.0,16.0,1234,9,0.9994551536671237,7.51069684955116,0.9516840953435328,0.02501405283867341,4.9899735614712695,0.049767538684126505,0.9904340775717889
FedProx C1 e16,Mac princ.,FedProx,1.0,16.0,1234,10,1.0,8.51069684955116,0.8600140374204389,0.0,4.9899735614712695,0.0741204886694371,0.8739556658108655
FedProx C1 e8,Mac princ.,FedProx,1.0,8.0,42,1,0.11819504686690792,0.11819504686690792,1.0,1.0,9.978329371871753,0.2511779728201718,8.468943735105086
FedProx C1 e8,Mac princ.,FedProx,1.0,8.0,42,2,0.8744904197142555,0.9926854665811634,1.0,1.0,9.978329371871753,0.05951382550991825,1.174914509570198
FedProx C1 e8,Mac princ.,FedProx,1.0,8.0,42,3,1.0,1.9926854665811633,0.4878161547170617,0.0,9.978329371871753,0.401001905005464,0.4290022172316928
FedProx C1 e8,Mac princ.,FedProx,1.0,8.0,42,4,0.9318380820914417,2.924523548672605,1.0,1.0,9.978329371871753,0.3245146936017168,1.0749774987974223
FedProx C1 e8,Mac princ.,FedProx,1.0,8.0,42,5,1.0,3.924523548672605,0.5209018273869092,0.0,9.978329371871753,0.3505933780390927,0.567970900547782
FedProx C1 e8,Mac princ.,FedProx,1.0,8.0,42,6,0.8028162012784066,4.727339749951011,0.751522818611539,0.5026981450252951,9.978329371871753,0.23301422334012226,0.5006511156836532
FedProx C1 e8,Mac princ.,FedProx,1.0,8.0,42,7,1.0,5.727339749951011,0.21455324735863576,0.0,9.978329371871753,0.2073728717190143,0.19716830319647405
FedProx C1 e8,Mac princ.,FedProx,1.0,8.0,42,8,0.7108875636527296,6.438227313603741,1.0,1.0,9.978329371871753,0.219683767447418,1.3998377621760312
FedProx C1 e8,Mac princ.,FedProx,1.0,8.0,42,9,0.8116420306392085,7.249869344242949,1.0,1.0,9.978329371871753,0.10189415360228224,1.2093249299565165
FedProx C1 e8,Mac princ.,FedProx,1.0,8.0,42,10,0.9057353845218944,8.155604728764844,1.0,1.0,9.978329371871753,0.17077241899121928,1.1167880830524635
FedProx C1 e8,Mac princ.,FedProx,1.0,8.0,123,1,0.133729828501394,0.133729828501394,1.0,1.0,9.976188995803893,0.43788330183008267,7.575401934922752
FedProx C1 e8,Mac princ.,FedProx,1.0,8.0,123,2,0.7469870197578775,0.8807168482592715,1.0,1.0,9.976188995803893,0.4274014263595811,1.3522994449116679
FedProx C1 e8,Mac princ.,FedProx,1.0,8.0,123,3,0.7445138129288237,1.6252306611880951,1.0,1.0,9.976188995803893,0.05962267785020286,1.3443780759536708
FedProx C1 e8,Mac princ.,FedProx,1.0,8.0,123,4,0.7645904318582462,2.3898210930463413,1.0,1.0,9.976188995803893,0.1349267736656637,1.2784550423289216
FedProx C1 e8,Mac princ.,FedProx,1.0,8.0,123,5,1.0,3.3898210930463413,0.9500670539646616,0.0,9.976188995803893,0.14520278569816406,0.943481187260808
FedProx C1 e8,Mac princ.,FedProx,1.0,8.0,123,6,0.8644981351428752,4.254319228189217,1.0,1.0,9.976188995803893,0.21151219231227933,1.175437611696606
FedProx C1 e8,Mac princ.,FedProx,1.0,8.0,123,7,0.9049563976911068,5.159275625880324,0.9719560969285403,0.5270938729623383,9.976188995803893,0.31892542748440555,1.2195725418663073
FedProx C1 e8,Mac princ.,FedProx,1.0,8.0,123,8,0.6341052098258699,5.793380835706193,1.0,1.0,9.976188995803893,0.23872004159040291,1.6384812522253254
FedProx C1 e8,Mac princ.,FedProx,1.0,8.0,123,9,0.7571598800490743,6.550540715755267,1.0,1.0,9.976188995803893,0.0651683094480271,1.2832888181920632
FedProx C1 e8,Mac princ.,FedProx,1.0,8.0,123,10,0.9986769788236776,7.549217694578945,0.9091055464754264,0.025295109612141653,9.976188995803893,0.10893029030288194,0.9412938229501484
FedProx C1 e8,Mac princ.,FedProx,1.0,8.0,456,1,0.1221929565941284,0.1221929565941284,1.0,1.0,9.982755625635916,0.20617759297132482,8.257648751035644
FedProx C1 e8,Mac princ.,FedProx,1.0,8.0,456,2,0.9524786100986942,1.0746715666928226,1.0,1.0,9.982755625635916,0.5348692356631074,1.0567263791887347
FedProx C1 e8,Mac princ.,FedProx,1.0,8.0,456,3,0.9279224989629731,2.0025940656557957,1.0,1.0,9.982755625635916,0.5254200209873884,1.1022710069311021
FedProx C1 e8,Mac princ.,FedProx,1.0,8.0,456,4,0.814231431448882,2.8168254971046776,1.0,1.0,9.982755625635916,0.1839464008069667,1.2345255076977346
FedProx C1 e8,Mac princ.,FedProx,1.0,8.0,456,5,0.9400305829010938,3.7568560800057713,0.982106410493193,0.5271126100805696,9.982755625635916,0.3417418214167169,1.0876514056136044
FedProx C1 e8,Mac princ.,FedProx,1.0,8.0,456,6,0.7992638140968049,4.556119894102576,1.0,1.0,9.982755625635916,0.3762543171818428,1.2589493223126895
FedProx C1 e8,Mac princ.,FedProx,1.0,8.0,456,7,1.0,5.556119894102576,0.7970449819538346,0.0,9.982755625635916,0.4742840960089131,0.7262671846970317
FedProx C1 e8,Mac princ.,FedProx,1.0,8.0,456,8,0.7919067605145667,6.348026654617143,0.9638826364654411,0.5024732996065205,9.982755625635916,0.3347535833882792,0.9464046047085733
FedProx C1 e8,Mac princ.,FedProx,1.0,8.0,456,9,0.6700773487585528,7.018104003375695,1.0,1.0,9.982755625635916,0.3421984022803047,1.5531624460230697
FedProx C1 e8,Mac princ.,FedProx,1.0,8.0,456,10,0.9187401291748517,7.936844132550547,0.8988777337960119,0.4728873899194304,9.982755625635916,0.34105109388611354,0.8114090673006733
FedProx C1 e8,Mac princ.,FedProx,1.0,8.0,789,1,0.11959692135990199,0.11959692135990199,1.0,1.0,9.980163652398167,0.21112489166776968,8.091985642456534
FedProx C1 e8,Mac princ.,FedProx,1.0,8.0,789,2,0.6861041359135486,0.8057010572734505,1.0,1.0,9.980163652398167,0.39185817882542595,1.4599277955150745
FedProx C1 e8,Mac princ.,FedProx,1.0,8.0,789,3,0.7726161383093545,1.578317195582805,1.0,1.0,9.980163652398167,0.27538513670371345,1.3278246994352236
FedProx C1 e8,Mac princ.,FedProx,1.0,8.0,789,4,1.0,2.5783171955828053,0.9808569201648909,0.0,9.980163652398167,0.5634743044877225,0.9817915101805985
FedProx C1 e8,Mac princ.,FedProx,1.0,8.0,789,5,0.5932070477673599,3.171524243350165,1.0,1.0,9.980163652398167,0.541599246313893,1.5813851817475855
FedProx C1 e8,Mac princ.,FedProx,1.0,8.0,789,6,0.5258662048385345,3.6973904481887,1.0,1.0,9.980163652398167,0.4545832726936071,1.9229813608864126
FedProx C1 e8,Mac princ.,FedProx,1.0,8.0,789,7,1.0,4.6973904481887,0.6819905558625212,0.0,9.980163652398167,0.2953716166720061,0.5279880265656907
FedProx C1 e8,Mac princ.,FedProx,1.0,8.0,789,8,0.9939245105438891,5.691314958732589,0.8110274972015716,0.02501405283867341,9.980163652398167,0.2548922568661273,0.8214360056550859
FedProx C1 e8,Mac princ.,FedProx,1.0,8.0,789,9,1.0,6.691314958732589,0.4213917161257532,0.0,9.980163652398167,0.20769807071505497,0.44537905470959266
FedProx C1 e8,Mac princ.,FedProx,1.0,8.0,789,10,1.0,7.691314958732589,0.685823268288344,0.0,9.980163652398167,0.1905183479387653,0.7057543608199643
FedProx C1 e8,Mac princ.,FedProx,1.0,8.0,1234,1,0.11741196943967873,0.11741196943967873,1.0,1.0,9.979947122942539,0.54849725008739,8.08835108162212
FedProx C1 e8,Mac princ.,FedProx,1.0,8.0,1234,2,0.5928224506386413,0.7102344200783199,1.0,1.0,9.979947122942539,0.3969713729459834,1.7211327155918532
FedProx C1 e8,Mac princ.,FedProx,1.0,8.0,1234,3,0.5776091409287651,1.287843561007085,1.0,1.0,9.979947122942539,0.6313559403385455,1.7585507200412238
FedProx C1 e8,Mac princ.,FedProx,1.0,8.0,1234,4,0.6393249383853135,1.9271684993923985,1.0,1.0,9.979947122942539,0.2568741062805274,1.5749793791120072
FedProx C1 e8,Mac princ.,FedProx,1.0,8.0,1234,5,0.7135042064986408,2.6406727058910393,1.0,1.0,9.979947122942539,0.14705321073655295,1.3681627364356619
FedProx C1 e8,Mac princ.,FedProx,1.0,8.0,1234,6,0.6015465425243725,3.2422192484154118,1.0,1.0,9.979947122942539,0.051814314939896765,1.6484687629173989
FedProx C1 e8,Mac princ.,FedProx,1.0,8.0,1234,7,0.7593852133146982,4.00160446173011,1.0,1.0,9.979947122942539,0.0928462052825914,1.3333068562554096
FedProx C1 e8,Mac princ.,FedProx,1.0,8.0,1234,8,0.9676789360377288,4.969283397767838,0.9423095296322346,0.49643994753606896,9.979947122942539,0.2805885405450074,1.0244868066050943
FedProx C1 e8,Mac princ.,FedProx,1.0,8.0,1234,9,0.5740847522852829,5.543368150053121,1.0,1.0,9.979947122942539,0.1612161035165565,1.7346999320627268
FedProx C1 e8,Mac princ.,FedProx,1.0,8.0,1234,10,0.7564467697417687,6.29981491979489,1.0,1.0,9.979947122942539,0.13912170852417358,1.317559752336558
