setting,alg,C,eps,seed,sigma,noise_norm,f1,f2,f3,f10,S10,loss2,loss10,nodp10,ratio10,L_at_065,L_at_150
FedAvg C1 e64 (Mac),FedAvg,1.0,64.0,42,0.0757000822282092,1.2472911714839692,0.11819504686690792,0.11527007939111548,0.12207328162026651,0.16838628116918236,1.3550255036045662,0.1117375365538767,0.012983712638087012,0.0005077495020857584,25.571098710588345,0.056614698085474396,
FedAvg C1 e64 (Mac),FedAvg,1.0,64.0,123,0.0757000822282092,1.2470236244754866,0.133729828501394,0.12697537295017197,0.13459936731685168,0.18240546814533498,1.5332791468941775,0.130897730339034,0.012212280234577799,0.0005968442450678191,20.461419098026358,0.07403256551333086,0.013725441020332886
FedAvg C1 e64 (Mac),FedAvg,1.0,64.0,456,0.0757000822282092,1.2478444532044894,0.1221929565941284,0.1302760335923174,0.13191195774759,0.18926438713594784,1.5571604175375249,0.12477596484938233,0.006342012045054254,0.00017858160184682366,35.51324425062579,0.05459803054486901,0.007965844385123527
FedAvg C1 e64 (Mac),FedAvg,1.0,64.0,789,0.0757000822282092,1.2475204565497708,0.11959692135990199,0.1125876959919885,0.1239615639789806,0.16351699089533261,1.3712414624351483,0.14274633038050005,0.014859128375606444,0.0004510895465233251,32.9405291923299,0.08755756530170505,
FedAvg C1 e64 (Mac),FedAvg,1.0,64.0,1234,0.0757000822282092,1.2474933903678174,0.11741196943967873,0.12968341718628265,0.12269560330384609,0.2094611443623291,1.5724308316419042,0.15315156492405965,0.01816353720460506,0.0004292635925839745,42.31324882520016,0.06569707830769206,0.023218199472264445
FedProx C1 e64 (Mac),FedProx,1.0,64.0,42,0.0757000822282092,1.2472911714839692,0.11819504686690792,0.526288391397562,0.9597008971158655,1.0,8.604184335380335,0.04307738456123774,0.004088274122223318,0.0021863541595112507,1.869904793072149,0.04291914148935311,0.024343466880292687
FedProx C1 e64 (Mac),FedProx,1.0,64.0,123,0.0757000822282092,1.2470236244754866,0.133729828501394,0.5265427565979804,0.8300845519740593,1.0,8.490357137073435,0.04932554941776564,0.004976530342185397,0.0016360027742763957,3.0418838038868956,0.05042075974959648,0.015111015681112998
FedProx C1 e64 (Mac),FedProx,1.0,64.0,456,0.0757000822282092,1.2478444532044894,0.1221929565941284,0.5391498781550215,0.9164330879950542,1.0,8.577775922744204,0.04209899001509199,0.010252850806648027,0.0006956541685871252,14.738430774405598,0.04327494174697844,0.013671119453092804
FedProx C1 e64 (Mac),FedProx,1.0,64.0,789,0.0757000822282092,1.2475204565497708,0.11959692135990199,0.5461904316662413,0.9410767971463546,1.0,8.606864150172498,0.07427011434451435,0.011162293907102643,0.001572092618762387,7.1002775370130795,0.07588997071836677,0.018821852745621964
FedProx C1 e64 (Mac),FedProx,1.0,64.0,1234,0.0757000822282092,1.2474933903678174,0.11741196943967873,0.534162833316525,0.9434383453748886,1.0,8.595013148131091,0.08468642321779664,0.0051021512998655595,0.001834663100331656,2.780974500955098,0.0848733930714499,0.021178625103626485
FedAvg C1 e64 (Win),FedAvg,1.0,64.0,42,0.0757000822282092,1.2472911714839692,0.11813975909981762,0.11585540694308827,0.12772876198097552,0.1322840032760144,1.3834853313649904,0.11343203281172255,0.021276125860735393,0.00044886799440677246,47.39951639647218,0.06520152884515959,
FedAvg C1 e64 (Win),FedAvg,1.0,64.0,123,0.0757000822282092,1.2470236244754866,0.13225431313284902,0.12099706227031311,0.13227893965565055,0.18272348279654865,1.5083768198550507,0.13340186828542602,0.01671792168579251,0.00048560561372994535,34.42695309344111,0.07465635157708181,0.01695111656894976
FedAvg C1 e64 (Win),FedAvg,1.0,64.0,456,0.0757000822282092,1.2478444532044894,0.12352867195541785,0.12938190374488343,0.135658263584624,0.17880472079432064,1.5192649929065394,0.12979572466801803,0.015510113650521375,0.0001868419004720921,83.01196686252966,0.05781000610053181,0.016593510409326055
FedAvg C1 e64 (Win),FedAvg,1.0,64.0,789,0.0757000822282092,1.2475204565497708,0.11976218751362525,0.11323461431782286,0.10806483877378426,0.165919209281228,1.3959073540972582,0.14460154551179846,0.02920796341468629,0.0004310839299499766,67.75470247307899,0.08974755429318765,
FedAvg C1 e64 (Win),FedAvg,1.0,64.0,1234,0.0757000822282092,1.2474933903678174,0.117221178566374,0.130701745879288,0.12962759025874723,0.19373434421759483,1.5068423753183628,0.1524469219633957,0.018127213099671698,0.0004330045673444,41.863791901423085,0.0740310876809346,0.01851233285689696
FedProx C1 e64 (Win),FedProx,1.0,64.0,42,0.0757000822282092,1.2472911714839692,0.11813975909981762,0.5269808375666021,0.9605756352679725,1.0,8.605696231934392,0.04705595300478225,0.0038983807432031686,0.0017532781480051594,2.2234810532707883,0.04685453742552944,0.02219362122077454
FedProx C1 e64 (Win),FedProx,1.0,64.0,123,0.0757000822282092,1.2470236244754866,0.13225431313284902,0.5265364607097281,0.8361890747475152,1.0,8.494979848590091,0.048971191597797434,0.005298589402072383,0.0018715491023545403,2.8311249731072428,0.049905416106684024,0.014173876345536626
FedProx C1 e64 (Win),FedProx,1.0,64.0,456,0.0757000822282092,1.2478444532044894,0.12352867195541785,0.5419700006900622,0.9180291204040177,1.0,8.583527793049498,0.044961717051599695,0.011660167247065718,0.0006857895286355457,17.00254489196549,0.046578921573686184,0.014155085360637374
FedProx C1 e64 (Win),FedProx,1.0,64.0,789,0.0757000822282092,1.2475204565497708,0.11976218751362525,0.5429963344165932,0.9473831504173644,1.0,8.610141672347583,0.07625726010936013,0.011395952193048441,0.001585539112471628,7.187430510801961,0.07755817189348772,0.019358476756320152
FedProx C1 e64 (Win),FedProx,1.0,64.0,1234,0.0757000822282092,1.2474933903678174,0.117221178566374,0.5342631803750127,0.9437049735459734,1.0,8.59518933248736,0.08477346353313268,0.0051232793516011845,0.0019260304114655392,2.660019967027842,0.08494981876567953,0.0215087461838317
FedProx C1 e64 per_site (Mac2),FedProx,1.0,64.0,42,0.0757000822282092,1.2472911714839692,0.11780418986249332,0.5259499870008537,0.9595572518002836,1.0,8.60331142866363,0.0414892357183513,0.003936862896160315,0.0018543337485290687,2.1230605867380623,0.04130546018818593,0.022575025389777393
FedProx C1 e64 per_site (Mac2),FedProx,1.0,64.0,123,0.0757000822282092,1.2470236244754866,0.1345735809815821,0.5264416768423699,0.8336757699853325,1.0,8.494691027809285,0.04913465714610218,0.00499471526118791,0.0020150537366541064,2.4787007762291142,0.05031038917433753,0.01395690525828661
FedProx C1 e64 per_site (Mac2),FedProx,1.0,64.0,456,0.0757000822282092,1.2478444532044894,0.12171003989835591,0.51728468040714,0.9882164289056414,1.0,8.627211149211139,0.04228635686499613,0.00615101019921777,0.0007173362232217241,8.574793799750067,0.04144507128647399,0.008778251070155566
FedProx C1 e64 per_site (Mac2),FedProx,1.0,64.0,789,0.0757000822282092,1.2475204565497708,0.11983676070685863,0.5344012425385969,0.949988259945993,1.0,8.60422626319145,0.0786556224008912,0.011394362472696118,0.0015863585726974955,7.1827156033965105,0.07908648858253202,0.019359532721032986
FedProx C1 e64 per_site (Mac2),FedProx,1.0,64.0,1234,0.0757000822282092,1.2474933903678174,0.11765292523240874,0.534328072928945,0.9444373067018235,1.0,8.596418304863178,0.08459035728794317,0.005151861941278098,0.00190440104047535,2.7052400370418628,0.08482567229680316,0.021279177100059842
FedProx C1 e64 iid (Mac2),FedProx,1.0,64.0,42,0.0757000822282092,1.2472911714839692,0.11397264943034338,0.5312536243768232,0.997280196807531,1.0,8.642506470614698,0.0337692396687364,0.00996697969938552,0.001542990663573782,6.459520420104554,0.033801600471386854,0.04008723808671246
FedProx C1 e64 iid (Mac2),FedProx,1.0,64.0,123,0.0757000822282092,1.2470236244754866,0.12021770736260257,0.5140786339810095,0.8060999979433741,1.0,8.440396339286986,0.06298482203555279,0.0049869086157663094,0.0012505210137776005,3.987864706648751,0.060434438171091294,0.007710846919392429
FedProx C1 e64 iid (Mac2),FedProx,1.0,64.0,456,0.0757000822282092,1.2478444532044894,0.12120316490642069,0.5101831385492727,0.8707881076336483,1.0,8.502174411089342,0.04861934346867273,0.019347431830175614,0.0012869044404699283,15.034085843320792,0.04702400330181592,0.010248320111220748
FedProx C1 e64 iid (Mac2),FedProx,1.0,64.0,789,0.0757000822282092,1.2475204565497708,0.1174080403428572,0.5198228254085905,0.8937135248058058,1.0,8.530944390557254,0.08235821209890923,0.008209990497814306,0.0012011351477623667,6.8351929531901225,0.08052979588612331,0.01806799072214832
FedProx C1 e64 iid (Mac2),FedProx,1.0,64.0,1234,0.0757000822282092,1.2474933903678174,0.12917121656216343,0.5316791691589352,0.9211262198701243,1.0,8.581976605591223,0.07851501713014589,0.004303105727161929,0.001367189394775212,3.147410112751371,0.07981105218818041,0.021093947283607185
FedProx C0.25 e16,FedProx,0.25,16.0,42,0.0757000822282092,1.2472911714839692,0.02954876171672698,0.1264061376746019,0.14038167384937805,0.5281516736167771,2.3570630538281065,0.12644483182275795,0.018933928703944673,0.0021863541595112507,8.660046507825276,0.06681701670773245,0.014164133577085514
FedProx C0.25 e16,FedProx,0.25,16.0,123,0.0757000822282092,1.2470236244754866,0.0334324571253485,0.12613786231669746,0.13750830612634807,0.4802541974136595,2.262174772436231,0.14953986243366132,0.014957490049537172,0.0016360027742763957,9.14270457527364,0.08076874541669417,0.02508468326715376
FedProx C0.25 e16,FedProx,0.25,16.0,456,0.0757000822282092,1.2478444532044894,0.0305482391485321,0.12775187822759365,0.14310020283671115,0.4126565154599078,2.2210485593281657,0.1471265669726994,0.00995201285728423,0.0006956541685871252,14.305977462187546,0.031044498753254733,0.04000591043464974
FedProx C0.25 e16,FedProx,0.25,16.0,789,0.0757000822282092,1.2475204565497708,0.029899230339975498,0.1291664769527976,0.14997802314678865,0.3837238853417234,2.044998330318438,0.16131707043391533,0.011573592420461644,0.001572092618762387,7.361902398328687,0.12065586632798023,0.03681044205919898
FedProx C0.25 e16,FedProx,0.25,16.0,1234,0.0757000822282092,1.2474933903678174,0.029352992359919682,0.12340840931547117,0.13660412147304327,0.4136835720514519,2.2243236687367336,0.18906964091407497,0.017589069038772897,0.001834663100331656,9.587083882372346,0.12411000177248509,0.040556252670834965
FedProx C0.25 e64,FedProx,0.25,64.0,42,0.0189250205570523,0.3118227928709923,0.02954876171672698,0.12397094078642827,0.13620343968326573,0.5012173831882706,2.2026279717658537,0.14486197778053445,0.016177040044636257,0.0021863541595112507,7.399094046251207,0.08042343839066066,0.0235998131678464
FedProx C0.25 e256,FedProx,0.25,256.0,42,0.004731255139263075,0.07795569821774807,0.02954876171672698,0.12349087312113424,0.13876073110673878,0.4300773915463689,2.1139457240181656,0.14826937083537134,0.011009042947953393,0.0021863541595112507,5.0353429246862795,0.09499690273118658,0.025072365553684382
FedProx C0.5 e16,FedProx,0.5,16.0,42,0.1514001644564184,2.4945823429679383,0.05909752343345396,0.26182754888813714,0.40533695409808235,0.9929566078005135,6.980601134661067,0.0602601000306681,0.013964674692005767,0.0021863541595112507,6.387196983277176,0.04923061093077361,0.028519552048994513
FedProx C0.5 e64,FedProx,0.5,64.0,42,0.0378500411141046,0.6236455857419846,0.05909752343345396,0.25288830205163443,0.32757053573940514,1.0,6.591989823080604,0.11832384298335198,0.008353539093613818,0.0021863541595112507,3.820762092579371,0.06807085819383689,0.014937957606604475
FedProx C0.5 e256,FedProx,0.5,256.0,42,0.00946251027852615,0.15591139643549615,0.05909752343345396,0.25038632987429926,0.3234248338751815,0.9965556992398922,6.753328881318714,0.13245867975578265,0.0040608261734290454,0.0021863541595112507,1.8573505832819073,0.09410496030947733,0.017057890223519088
FedProx C1 e32,FedProx,1.0,32.0,42,0.1514001644564184,2.4945823429679383,0.11819504686690792,0.5414823355123791,1.0,1.0,8.659677382379288,0.018024061487956648,0.011507069790440997,0.0021863541595112507,5.263131657047433,0.01868787834405576,0.019764896613189354
FedProx C1 e64 (op),FedProx,1.0,64.0,42,0.0757000822282092,1.2472911714839692,0.11819504686690792,0.526288391397562,0.9597008971158655,1.0,8.604184335380335,0.04307738456123774,0.004088274122223318,0.0021863541595112507,1.869904793072149,0.04291914148935311,0.024343466880292687
FedProx C1 e256,FedProx,1.0,256.0,42,0.0189250205570523,0.3118227928709923,0.11819504686690792,0.49918399303099825,0.8767444277388259,1.0,8.494123467636733,0.0795474786495377,0.004576726808876131,0.0021863541595112507,2.0933144746774404,0.07331600461168263,0.008841935301590557
FedAvg C2 e64,FedAvg,2.0,64.0,42,0.1514001644564184,2.4945823429679383,0.23639009373381584,0.23516096793161817,0.2796212015752705,0.31790148730827833,2.6793078441513196,0.0514788537524305,0.013075204264730793,0.0005077495020857584,25.75128919087035,0.0489260601265332,0.02760291554831688
FedAvg C4 e64,FedAvg,4.0,64.0,42,0.3028003289128368,4.989164685935877,0.4727801874676317,0.47957156871177187,0.42437670971032837,0.4183692471020299,4.17757156483456,0.02720364641709685,0.04887565001091404,0.0005077495020857584,96.25937555849929,0.06272093547563841,0.056412115643661866
FedAvg C8 e64,FedAvg,8.0,64.0,42,0.6056006578256736,9.978329371871753,0.9273345605334145,0.799671006220968,0.6878550959657397,0.5779575720189959,6.587174337361718,0.06168412477319907,0.24306345795178838,0.0005077495020857584,478.7074274880041,,0.07941365952818275
FedProx C1 e16,FedProx,1.0,16.0,42,0.3028003289128368,4.989164685935877,0.11819504686690792,0.6342129819963718,1.0,1.0,8.752323962767314,0.04153116196444222,0.06593281344788665,0.0021863541595112507,30.156511085388665,0.05002153794861534,0.14327395819956049
FedProx C1 e16,FedProx,1.0,16.0,123,0.3028003289128368,4.988094497901947,0.133729828501394,0.6323304675607293,0.8482037150618261,1.0,8.611469970701258,0.06062096638836311,0.05105557435998062,0.0016360027742763957,31.207510869021913,0.07159262476316249,0.03163821605596688
FedProx C1 e16,FedProx,1.0,16.0,456,0.3028003289128368,4.991377812817958,0.1221929565941284,0.6637458497955379,1.0,1.0,8.785938806389666,0.07830678440687253,0.10956074155262364,0.0006956541685871252,157.49311439496105,0.08876645592456753,0.12143845856791416
FedProx C1 e16,FedProx,1.0,16.0,789,0.3028003289128368,4.990081826199083,0.11959692135990199,0.5449608664380428,0.9988241572793938,1.0,8.663381945077338,0.07661038282626301,0.17207264859417223,0.001572092618762387,109.45452356975925,0.07795958003816335,0.10487251883425695
FedProx C1 e16,FedProx,1.0,16.0,1234,0.3028003289128368,4.9899735614712695,0.11741196943967873,0.5584459902681946,0.8353837361761636,1.0,8.51069684955116,0.16324234301998974,0.0741204886694371,0.001834663100331656,40.400054187626154,0.1651449709699347,0.3911789349857773
FedProx C1 e8,FedProx,1.0,8.0,42,0.6056006578256736,9.978329371871753,0.11819504686690792,0.8744904197142555,1.0,0.9057353845218944,8.155604728764844,0.05951382550991825,0.17077241899121928,0.0021863541595112507,78.10830566873697,0.10463533078678727,0.1566543473042905
FedProx C1 e8,FedProx,1.0,8.0,123,0.6056006578256736,9.976188995803893,0.133729828501394,0.7469870197578775,0.7445138129288237,0.9986769788236776,7.549217694578945,0.4274014263595811,0.10893029030288194,0.0016360027742763957,66.58319412145363,0.43061182843228185,0.0830420050827838
FedProx C1 e8,FedProx,1.0,8.0,456,0.6056006578256736,9.982755625635916,0.1221929565941284,0.9524786100986942,0.9279224989629731,0.9187401291748517,7.936844132550547,0.5348692356631074,0.34105109388611354,0.0006956541685871252,490.25954171853647,0.3496705629969284,0.5305171214958073
FedProx C1 e8,FedProx,1.0,8.0,789,0.6056006578256736,9.980163652398167,0.11959692135990199,0.6861041359135486,0.7726161383093545,1.0,7.691314958732589,0.39185817882542595,0.1905183479387653,0.001572092618762387,121.18773771023034,0.3405466065852267,0.2854096356114669
FedProx C1 e8,FedProx,1.0,8.0,1234,0.6056006578256736,9.979947122942539,0.11741196943967873,0.5928224506386413,0.5776091409287651,0.7564467697417687,6.29981491979489,0.3969713729459834,0.13912170852417358,0.001834663100331656,75.82956701915695,0.41022889478150987,0.46845848413068647
